Category,Indicator,Element,indicatorNr,elemNr,labelShort,hasPredecessor,description,legacySubComponent,doExcludeCompanies,excludedCompanies,doExcludeServices,excludedServices,reversedScoring
G,G01,G01.01,1,1,G1.1,TRUE,"Does the company make an <a href='#glossary-explicit'>explicit</a>, clearly articulated <a href='#glossary-policycommitment'>policy commitment</a> to human rights, including to freedom of expression and information?",F,NA,NA,NA,NA,NA
G,G01,G01.02,1,2,G1.2,TRUE,"Does the company make an <a href='#glossary-explicit'>explicit</a>, clearly articulated <a href='#glossary-policycommitment'>policy commitment</a> to human rights, including to privacy?",P,NA,NA,NA,NA,NA
G,G01,G01.03,1,3,G1.3,FALSE,"Does the company disclose an <a href='#glossary-explicit'>explicit</a>, clearly articulated <a href='#glossary-policycommitment'>policy commitment</a> to human rights in its development and use of algorithmic systems?",NA,NA,NA,NA,NA,NA
G,G02,G02.01,2,1,G2.1,TRUE,Does the company <a href='#glossary-clearlydisclose'>clearly disclose</a> that the <a href='#glossary-boardofdirectors'>board of directors</a> exercises formal <a href='#glossary-oversight'>oversight</a> over how company practices affect freedom of expression and information?,F,NA,NA,NA,NA,NA
G,G02,G02.02,2,2,G2.2,TRUE,Does the company <a href='#glossary-clearlydisclose'>clearly disclose</a> that the <a href='#glossary-boardofdirectors'>board of directors</a> exercises formal <a href='#glossary-oversight'>oversight</a> over how company practices affect privacy?,P,NA,NA,NA,NA,NA
G,G02,G02.03,2,3,G2.3,TRUE,"Does the company <a href='#glossary-clearlydisclose'>clearly disclose</a> that an <a href='#glossary-executiveleveloversight'>executive-level</a> committee, team, program or officer <a href='#glossary-oversight'>oversees</a> how company practices affect freedom of expression and information?",F,NA,NA,NA,NA,NA
G,G02,G02.04,2,4,G2.4,TRUE,"Does the company <a href='#glossary-clearlydisclose'>clearly disclose</a> that an <a href='#glossary-executiveleveloversight'>executive-level</a> committee, team, program or officer <a href='#glossary-oversight'>oversees</a> how company practices affect privacy?",P,NA,NA,NA,NA,NA
G,G02,G02.05,2,5,G2.5,TRUE,"Does the company <a href='#glossary-clearlydisclose'>clearly disclose</a> that a <a href='#glossary-management'>management-level</a> committee, team, program or officer <a href='#glossary-oversight'>oversees</a> how company practices affect freedom of expression and information?",F,NA,NA,NA,NA,NA
G,G02,G02.06,2,6,G2.6,TRUE,"Does the company <a href='#glossary-clearlydisclose'>clearly disclose</a> that a <a href='#glossary-management'>management-level</a> committee, team, program or officer <a href='#glossary-oversight'>oversees</a> how company practices affect privacy?",P,NA,NA,NA,NA,NA
G,G03,G03.01,3,1,G3.1,TRUE,Does the company <a href='#glossary-clearlydisclose'>clearly disclose</a> that it provides employee training on freedom of expression and information issues?,F,NA,NA,NA,NA,NA
G,G03,G03.02,3,2,G3.2,TRUE,Does the company <a href='#glossary-clearlydisclose'>clearly disclose</a> that it provides employee training on privacy issues?,P,NA,NA,NA,NA,NA
G,G03,G03.03,3,3,G3.3,TRUE,Does the company <a href='#glossary-clearlydisclose'>clearly disclose</a> that it maintains an employee <a href='#glossary-whistleblower'>whistleblower program</a> through which employees can report concerns related to how the company treats its users' freedom of expression and information rights?,F,NA,NA,NA,NA,NA
G,G03,G03.04,3,4,G3.4,TRUE,Does the company <a href='#glossary-clearlydisclose'>clearly disclose</a> that it maintains an employee <a href='#glossary-whistleblower'>whistleblower program</a> through which employees can report concerns related to how the company treats its users' privacy rights?,P,NA,NA,NA,NA,NA
G,G04a,G04a.01,4,1,G4a.1,TRUE,Does the company <a href='#glossary-hria'> assess</a> how laws affect freedom of expression and information in jurisdictions where it operates?,F,NA,NA,NA,NA,NA
G,G04a,G04a.02,4,2,G4a.2,TRUE,Does the company <a href='#glossary-hria'> assess</a> how laws affect privacy in jurisdictions where it operates?,P,NA,NA,NA,NA,NA
G,G04a,G04a.03,4,3,G4a.3,TRUE,Does the company <a href='#glossary-hria'> assess</a> freedom of expression and information risks associated with existing products and services in jurisdictions where it operates?,F,NA,NA,NA,NA,NA
G,G04a,G04a.04,4,4,G4a.4,TRUE,Does the company <a href='#glossary-hria'> assess</a> privacy risks associated with existing products and services in jurisdictions where it operates?,P,NA,NA,NA,NA,NA
G,G04a,G04a.05,4,5,G4a.5,TRUE,"Does the company <a href='#glossary-hria'> assess</a> freedom of expression and information risks associated with a new activity, including the launch and/or acquisition of new products, services, or companies, or entry into new markets or jurisdictions?",F,NA,NA,NA,NA,NA
G,G04a,G04a.06,4,6,G4a.6,TRUE,"Does the company <a href='#glossary-hria'> assess</a> privacy risks associated with a new activity, including the launch and/or acquisition of new products, services, or companies, or entry into new markets or jurisdictions?",P,NA,NA,NA,NA,NA
G,G04a,G04a.07,4,7,G4a.7,FALSE,Does the company conduct additional evaluation whenever the company's <a href='#glossary-hria'> risk assessments</a> identify concerns?,NA,NA,NA,NA,NA,NA
G,G04a,G04a.08,4,8,G4a.8,FALSE,Do <a href='#glossary-seniorleadership'>senior executives</a> and/or members of the company's <a href='#glossary-boardofdirectors'>board of directors</a> review and consider the results of <a href='#glossary-hria'>assessments</a> and due diligence in their decision-making?,NA,NA,NA,NA,NA,NA
G,G04a,G04a.09,4,9,G4a.9,FALSE,Does the company conduct <a href='#glossary-hria'>assessments</a> on a regular schedule?,NA,NA,NA,NA,NA,NA
G,G04a,G04a.10,4,10,G4a.10,FALSE,Are the company's <a href='#glossary-hria'>assessments</a> assured by an external <a href='#glossary-thirdparty'>third party</a>?,NA,NA,NA,NA,NA,NA
G,G04a,G04a.11,4,11,G4a.11,FALSE,Is the external <a href='#glossary-thirdparty'>third party</a> that assures the <a href='#glossary-hria'>assessment</a> accredited to a relevant and reputable human rights standard by a credible organization?,NA,NA,NA,NA,NA,NA
G,G04b,G04b.01,4,1,G4b.1,TRUE,Does the company <a href='#glossary-hria'> assess</a> freedom of expression and information risks of enforcing its terms of service?,F,NA,NA,NA,NA,NA
G,G04b,G04b.02,4,2,G4b.2,TRUE,Does the company conduct <a href='#glossary-hria'> risk assessments</a> of its enforcement of its privacy policies?,P,NA,NA,NA,NA,NA
G,G04b,G04b.03,4,3,G4b.3,FALSE,Does the company <a href='#glossary-hria'> assess</a> discrimination risks associated with its processes for enforcing its <a href='#glossary-tos'> terms of service</a>?,NA,NA,NA,NA,NA,NA
G,G04b,G04b.04,4,4,G4b.4,FALSE,Does the company <a href='#glossary-hria'> assess</a> discrimination risks associated with its processes for enforcing its <a href='#glossary-privacypolicies'> privacy policies</a>?,NA,NA,NA,NA,NA,NA
G,G04b,G04b.05,4,5,G4b.5,FALSE,Does the company conduct additional evaluation whenever the company's <a href='#glossary-hria'> risk assessments</a> identify concerns?,NA,NA,NA,NA,NA,NA
G,G04b,G04b.06,4,6,G4b.6,FALSE,Do <a href='#glossary-seniorleadership'>senior executives</a> and/or members of the company's <a href='#glossary-boardofdirectors'>board of directors</a> review and consider the results of <a href='#glossary-hria'>assessments</a> and due diligence in their decision-making?,NA,NA,NA,NA,NA,NA
G,G04b,G04b.07,4,7,G4b.7,FALSE,Does the company conduct <a href='#glossary-hria'>assessments</a> on a regular schedule?,NA,NA,NA,NA,NA,NA
G,G04b,G04b.08,4,8,G4b.8,FALSE,Are the company's <a href='#glossary-hria'>assessments</a> assured by an external <a href='#glossary-thirdparty'>third party</a>?,NA,NA,NA,NA,NA,NA
G,G04b,G04b.09,4,9,G4b.9,FALSE,Is the external <a href='#glossary-thirdparty'>third party</a> that assures the <a href='#glossary-hria'>assessments</a> accredited to a relevant and reputable human rights standard by a credible organization?,NA,NA,NA,NA,NA,NA
G,G04c,G04c.01,4,1,G4c.1,TRUE,Does the company <a href='#glossary-hria'> assess</a> freedom of expression and information risks associated with its <a href='#glossary-targetedad'>targeted advertising</a> policies and practices?,F,NA,NA,NA,NA,NA
G,G04c,G04c.02,4,2,G4c.2,TRUE,Does the company <a href='#glossary-hria'> assess</a> privacy risks associated with its <a href='#glossary-targetedad'>targeted advertising</a> policies and practices?,P,NA,NA,NA,NA,NA
G,G04c,G04c.03,4,3,G4c.3,FALSE,Does the company <a href='#glossary-hria'> assess</a> discrimination risks associated with its <a href='#glossary-targetedad'>targeted advertising</a> policies and practices?,NA,NA,NA,NA,NA,NA
G,G04c,G04c.04,4,4,G4c.4,FALSE,Does the company conduct additional evaluation whenever the company's <a href='#glossary-hria'> risk assessments</a> identify concerns?,NA,NA,NA,NA,NA,NA
G,G04c,G04c.05,4,5,G4c.5,FALSE,Do <a href='#glossary-seniorleadership'>senior executives</a> and/or members of the company's <a href='#glossary-boardofdirectors'>board of directors</a> review and consider the results of <a href='#glossary-hria'>assessments</a> and due diligence in their decision-making?,NA,NA,NA,NA,NA,NA
G,G04c,G04c.06,4,6,G4c.6,FALSE,Does the company conduct an <a href='#glossary-hria'>assessments </a>on a regular schedule?,NA,NA,NA,NA,NA,NA
G,G04c,G04c.07,4,7,G4c.7,FALSE,Are the company's <a href='#glossary-hria'>assessments</a> assured by an external <a href='#glossary-thirdparty'>third party</a>?,NA,NA,NA,NA,NA,NA
G,G04c,G04c.08,4,8,G4c.8,FALSE,Is the external <a href='#glossary-thirdparty'>third party</a> that assures the <a href='#glossary-hria'>assessment</a> accredited to a relevant and reputable human rights standard by a credible organization?,NA,NA,NA,NA,NA,NA
G,G04d,G04d.01,4,1,G4d.1,TRUE,Does the company <a href='#glossary-hria'>assess</a> freedom of expression and information risks associated with its development and use of <a href='#glossary-algsys'>algorithmic systems?</a>,F,NA,NA,NA,NA,NA
G,G04d,G04d.02,4,2,G4d.2,TRUE,Does the company <a href='#glossary-hria'>assess</a> privacy risks associated with its development and use of <a href='#glossary-algsys'>algorithmic systems?</a>,P,NA,NA,NA,NA,NA
G,G04d,G04d.03,4,3,G4d.3,FALSE,Does the company <a href='#glossary-hria'>assess</a> discrimination risks associated with its development and use of <a href='#glossary-algsys'>algorithmic systems</a>?,NA,NA,NA,NA,NA,NA
G,G04d,G04d.04,4,4,G4d.4,FALSE,Does the company conduct additional evaluation whenever the company's <a href='#glossary-hria'>risk assessments </a>identify concerns?,NA,NA,NA,NA,NA,NA
G,G04d,G04d.05,4,5,G4d.5,FALSE,Do <a href='#glossary-seniorleadership'>senior executives</a> and/or members of the company's <a href='#glossary-boardofdirectors'>board of directors</a> review and consider the results of <a href='#glossary-hria'>assessments </a>and due diligence in their decision-making?,NA,NA,NA,NA,NA,NA
G,G04d,G04d.06,4,6,G4d.6,FALSE,Does the company conduct <a href='#glossary-hria'>assessments </a>on a regular schedule?,NA,NA,NA,NA,NA,NA
G,G04d,G04d.07,4,7,G4d.7,FALSE,Are the company's <a href='#glossary-hria'>assessments</a> assured by an external <a href='#glossary-thirdparty'>third party</a>?,NA,NA,NA,NA,NA,NA
G,G04d,G04d.08,4,8,G4d.8,FALSE,Is the external <a href='#glossary-thirdparty'>third party</a> that assures the <a href='#glossary-hria'>assessment</a> accredited to a relevant and reputable human rights standard by a credible organization?,NA,NA,NA,NA,NA,NA
G,G04e,G04e.01,4,1,G4e.1,FALSE,Does the company assess freedom of expression and information risks associated with its <a href='#glossary-zerorating'>zero-rating programs</a>?,NA,NA,NA,NA,NA,NA
G,G04e,G04e.02,4,2,G4e.2,FALSE,Does the company assess privacy risks associated with its <a href='#glossary-zerorating'>zero-rating</a> programs?,NA,NA,NA,NA,NA,NA
G,G04e,G04e.03,4,3,G4e.3,FALSE,Does the company assess discrimination risks associated with its <a href='#glossary-zerorating'>zero-rating </a>programs?,NA,NA,NA,NA,NA,NA
G,G04e,G04e.04,4,4,G4e.4,FALSE,Does the company conduct additional evaluation wherever the company's <a href='#glossary-hria'>risk assessments </a>identify concerns?,NA,NA,NA,NA,NA,NA
G,G04e,G04e.05,4,5,G4e.5,FALSE,Do <a href='#glossary-seniorleadership'>senior executives</a> and/or members of the company's <a href='#glossary-boardofdirectors'>board of directors</a> review and consider the results of <a href='#glossary-hria'>assessments </a>and due diligence in their decision-making?,NA,NA,NA,NA,NA,NA
G,G04e,G04e.06,4,6,G4e.6,FALSE,Does the company conduct assessments on a regular schedule?,NA,NA,NA,NA,NA,NA
G,G04e,G04e.07,4,7,G4e.7,FALSE,Are the company's assessments assured by an external <a href='#glossary-thirdparty'>third party</a>?,NA,NA,NA,NA,NA,NA
G,G04e,G04e.08,4,8,G4e.8,FALSE,Is the external <a href='#glossary-thirdparty'>third party</a> that assures the assessment accredited to a relevant and reputable human rights standard by a credible organization?,NA,NA,NA,NA,NA,NA
G,G05,G05.01,5,1,G5.1,FALSE,"Is the company a member of one or more <a href='#glossary-multi'>multi-stakeholder initiatives</a> that address the full range of ways in which users' fundamental rights to freedom of expression and information, privacy, and non-discrimination may be affected in the course of the company's operations?",NA,NA,NA,NA,NA,NA
G,G05,G05.02,5,2,G5.2,TRUE,"If the company is not a member of one or more such <a href='#glossary-multi'>multi-stakeholder initiatives</a>, is the company a member of any organizations that engages systematically and on a regular basis with non-industry and non-governmental stakeholders on freedom of expression and privacy issues?",NA,NA,NA,NA,NA,NA
G,G05,G05.03,5,3,G5.3,TRUE,"If the company is not a member of one of these organizations, does the company disclose that it initiates or participates in meetings with <a href='#glossary-stakeholder'>stakeholders</a> that represent, advocate on behalf of, or are people whose rights to freedom of expression and information and to privacy are directly impacted by the company's business?",NA,NA,NA,NA,NA,NA
G,G06a,G06a.01,6,1,G6a.1,TRUE,Does the company <a href='#glossary-clearlydisclose'>clearly disclose</a> it has a <a href='#glossary-grievance'>grievance mechanism(s)</a> enabling users to submit complaints if they feel their freedom of expression and information rights have been adversely affected by the company's policies or practices?,F,NA,NA,NA,NA,NA
G,G06a,G06a.02,6,2,G6a.2,TRUE,Does the company <a href='#glossary-clearlydisclose'>clearly disclose</a> it has a <a href='#glossary-grievance'>grievance mechanism(s)</a> enabling users to submit complaints if they feel their privacy has been adversely affected by the company's policies or practices?,P,NA,NA,NA,NA,NA
G,G06a,G06a.03,6,3,G6a.3,TRUE,Does the company <a href='#glossary-clearlydisclose'>clearly disclose</a> its procedures for providing <a href='#glossary-remedy'>remedy</a> for freedom of expression and information-related <a href='#glossary-grievance'>grievances</a>?,F,NA,NA,NA,NA,NA
G,G06a,G06a.04,6,4,G6a.4,TRUE,Does the company <a href='#glossary-clearlydisclose'>clearly disclose</a> its procedures for providing <a href='#glossary-remedy'>remedy</a> for privacy-related <a href='#glossary-grievance'>grievances</a>?,P,NA,NA,NA,NA,NA
G,G06a,G06a.05,6,5,G6a.5,TRUE,Does the company <a href='#glossary-clearlydisclose'>clearly disclose</a> timeframes for its <a href='#glossary-grievance'>grievance</a> and <a href='#glossary-remedy'>remedy</a> procedures?,NA,NA,NA,NA,NA,NA
G,G06a,G06a.06,6,6,G6a.6,TRUE,Does the company <a href='#glossary-clearlydisclose'>clearly disclose</a> the number of complaints received related to freedom of expression?,F,NA,NA,NA,NA,NA
G,G06a,G06a.07,6,7,G6a.7,TRUE,Does the company <a href='#glossary-clearlydisclose'>clearly disclose</a> the number of complaints received related to privacy?,P,NA,NA,NA,NA,NA
G,G06a,G06a.08,6,8,G6a.8,TRUE,Does the company <a href='#glossary-clearlydisclose'>clearly disclose</a> evidence that it is providing <a href='#glossary-remedy'>remedy</a> for freedom of expression <a href='#glossary-grievance'>grievances</a>?,F,NA,NA,NA,NA,NA
G,G06a,G06a.09,6,9,G6a.9,TRUE,Does the company <a href='#glossary-clearlydisclose'>clearly disclose</a> evidence that it is providing <a href='#glossary-remedy'>remedy</a> for privacy <a href='#glossary-grievance'>grievances</a>?,P,NA,NA,NA,NA,NA
G,G06b,G06b.01,6,1,G6b.1,FALSE,Does the company <a href='#glossary-clearlydisclose'>clearly disclose</a> that it offers <a href='#glossary-affecteduser'>affected users</a> the ability to <a href='#glossary-appeal'>appeal</a> <a href='#glossary-contentmoderation'>content-moderation actions</a>?,NA,NA,NA,NA,NA,NA
G,G06b,G06b.02,6,2,G6b.2,FALSE,Does the company <a href='#glossary-clearlydisclose'>clearly disclose</a> that it <a href='#glossary-notice'>notifies</a> the users who are <a href='#glossary-affecteduser'>affected</a> by a <a href='#glossary-contentmoderation'>content-moderation action</a>?,NA,NA,NA,NA,NA,NA
G,G06b,G06b.03,6,3,G6b.3,FALSE,Does the company <a href='#glossary-clearlydisclose'>clearly disclose</a> a timeframe for <a href='#glossary-notice'>notifying</a> <a href='#glossary-affecteduser'>affected users</a> when it takes a content-moderation action?,NA,NA,NA,NA,NA,NA
G,G06b,G06b.04,6,4,G6b.4,FALSE,Does the company <a href='#glossary-clearlydisclose'>clearly disclose</a> when <a href='#glossary-appeal'>appeals</a> are not permitted?,NA,NA,NA,NA,NA,NA
G,G06b,G06b.05,6,5,G6b.5,FALSE,Does the company <a href='#glossary-clearlydisclose'>clearly disclose</a> its process for reviewing <a href='#glossary-appeal'>appeals</a>?,NA,NA,NA,NA,NA,NA
G,G06b,G06b.06,6,6,G6b.6,FALSE,Does the company <a href='#glossary-clearlydisclose'>clearly disclose</a> its timeframe for reviewing <a href='#glossary-appeal'>appeals</a>?,NA,NA,NA,NA,NA,NA
G,G06b,G06b.07,6,7,G6b.7,FALSE,Does the company <a href='#glossary-clearlydisclose'>clearly disclose</a> that such appeals are reviewed by at least one human not involved in the original <a href='#glossary-contentmoderation'>content-moderation action</a>?,NA,NA,NA,NA,NA,NA
G,G06b,G06b.08,6,8,G6b.8,FALSE,Does the company <a href='#glossary-clearlydisclose'>clearly disclose</a> what role automation plays in reviewing <a href='#glossary-appeal'>appeals</a>?,NA,NA,NA,NA,NA,NA
G,G06b,G06b.09,6,9,G6b.9,FALSE,Does the company <a href='#glossary-clearlydisclose'>clearly disclose</a> that the <a href='#glossary-affecteduser'>affected users</a> have an opportunity to present additional information that will be considered in the review?,NA,NA,NA,NA,NA,NA
G,G06b,G06b.10,6,10,G6b.10,FALSE,Does the company <a href='#glossary-clearlydisclose'>clearly disclose</a> that it provides the <a href='#glossary-affecteduser'>affected users</a> with a statement outlining the reason for its decision?,NA,NA,NA,NA,NA,NA
G,G06b,G06b.11,6,11,G6b.11,FALSE,Does the company <a href='#glossary-clearlydisclose'>clearly disclose</a> evidence that it is addressing content moderation <a href='#glossary-appeal'>appeals</a>?,NA,NA,NA,NA,NA,NA
F,F01a,F01a.01,1,1,F1a.1,TRUE,Are the company's <a href='#glossary-tos'>terms of service</a> <a href='#glossary-easytofind'>easy to find</a>?,NA,NA,NA,NA,NA,NA
F,F01a,F01a.02,1,2,F1a.2,TRUE,Are the <a href='#glossary-tos'>terms of service</a> available in the primary language(s) spoken by users in the company's home jurisdiction?,NA,NA,NA,NA,NA,NA
F,F01a,F01a.03,1,3,F1a.3,TRUE,Are the <a href='#glossary-tos'>terms of service</a> presented in an <a href='#glossary-easytounderstand'>understandable manner</a>?,NA,NA,NA,NA,NA,NA
F,F01b,F01b.01,1,1,F1b.1,FALSE,Are the company's <a href='#glossary-advertisingcontentpolicies'>advertising content policies</a> <a href='#glossary-easytofind'>easy to find</a>?,NA,NA,NA,NA,NA,NA
F,F01b,F01b.02,1,2,F1b.2,FALSE,Are the company's <a href='#glossary-advertisingcontentpolicies'>advertising content policies</a> available in the primary language(s) spoken by users in the company's home jurisdiction?,NA,NA,NA,NA,NA,NA
F,F01b,F01b.03,1,3,F1b.3,FALSE,Are the company's <a href='#glossary-advertisingcontentpolicies'>advertising content policies</a> presented in an <a href='#glossary-easytounderstand'>understandable manner</a>?,NA,NA,NA,NA,NA,NA
F,F01b,F01b.04,1,4,F1b.4,FALSE,(For <a href='#glossary-mobile'>mobile ecosystems</a>): Does the company <a href='#glossary-clearlydisclose'>clearly disclose</a> that it requires apps made available through its <a href='#glossary-appstore'>app store </a>to provide users with an <a href='#glossary-advertisingcontentpolicies'>advertising content policy</a>?,NA,TRUE,telecom,TRUE,pda | search | email | messagingVoip | cloud | eCommerce | socialNetworkBlogs | photoVideo,NA
F,F01b,F01b.05,1,5,F1b.5,FALSE,(For <a href='#glossary-personaldig'>personal digital assistant ecosystems</a>): Does the company <a href='#glossary-clearlydisclose'>clearly disclose</a> that it requires <a href='#glossary-skills'>skills </a>made available through its <a href='#glossary-skillstore'>skill store</a> to provide users with an <a href='#glossary-advertisingcontentpolicies'>advertising content policy</a>?,NA,TRUE,telecom,TRUE,search | email | messagingVoip | cloud | eCommerce | socialNetworkBlogs | photoVideo,NA
F,F01c,F01c.01,1,1,F1c.1,FALSE,Are the company's <a href='#glossary-advertisingcontentpolicies'>advertising targeting policies</a> <a href='#glossary-easytofind'>easy to find</a>?,NA,NA,NA,NA,NA,NA
F,F01c,F01c.02,1,2,F1c.2,FALSE,Are the <a href='#glossary-advertisingcontentpolicies'>advertising targeting policies</a> available in the primary language(s) spoken by <a href='#glossary-user'>users </a>in the company's home jurisdiction?,NA,NA,NA,NA,NA,NA
F,F01c,F01c.03,1,3,F1c.3,FALSE,Are the <a href='#glossary-advertisingcontentpolicies'>advertising targeting policies</a> presented in an <a href='#glossary-easytounderstand'>understandable manner</a>?,NA,NA,NA,NA,NA,NA
F,F01c,F01c.04,1,4,F1c.4,FALSE,(For <a href='#glossary-mobile'>mobile ecosystems</a>): Does the company <a href='#glossary-clearlydisclose'>clearly disclose</a> that it requires <a href='#glossary-app'>apps</a> made available through its <a href='#glossary-appstore'>app store</a> to provide users with an <a href='#glossary-advertisingcontentpolicies'>advertising targeting policy</a>?,NA,TRUE,telecom,TRUE,pda | search | email | messagingVoip | cloud | eCommerce | socialNetworkBlogs | photoVideo,NA
F,F01c,F01c.05,1,5,F1c.5,FALSE,(For <a href='#glossary-personaldig'>personal digital assistant ecosystems</a>): Does the company clearly disclose that it requires <a href='#glossary-skills'>skills</a> made available through its <a href='#glossary-skillstore'>skill store</a> to provide users with an <a href='#glossary-advertisingcontentpolicies'>advertising targeting policy</a>?,NA,TRUE,telecom,TRUE,search | email | messagingVoip | cloud | eCommerce | socialNetworkBlogs | photoVideo,NA
F,F01d,F01d.01,1,1,F1d.1,FALSE,Are the company's <a href='#glossary-algsysuse'>algorithmic system use policies</a> <a href='#glossary-easytofind'>easy to find</a>?,NA,NA,NA,NA,NA,NA
F,F01d,F01d.02,1,2,F1d.2,FALSE,Are the <a href='#glossary-algsysuse'>algorithmic system use policies</a> available in the primary language(s) spoken by users in the company's home jurisdiction?,NA,NA,NA,NA,NA,NA
F,F01d,F01d.03,1,3,F1d.3,FALSE,Are the <a href='#glossary-algsysuse'>algorithmic system use policies</a> presented in an <a href='#glossary-easytounderstand'>understandable manner</a>?,NA,NA,NA,NA,NA,NA
F,F02a,F02a.01,2,1,F2a.1,TRUE,Does the company <a href='#glossary-clearlydisclose'>clearly disclose</a> that it <a href='#glossary-direct'>directly notifies</a> users about all changes to its <a href='#glossary-tos'>terms of service</a>?,NA,NA,NA,NA,NA,NA
F,F02a,F02a.02,2,2,F2a.2,TRUE,Does the company <a href='#glossary-clearlydisclose'>clearly disclose</a> how it will <a href='#glossary-direct'>directly notify</a> <a href='#glossary-user'>users</a> of changes?,NA,NA,NA,NA,NA,NA
F,F02a,F02a.03,2,3,F2a.3,TRUE,Does the company <a href='#glossary-clearlydisclose'>clearly disclose</a> the timeframe within which it <a href='#glossary-direct'>directly notifies</a> users of changes prior to these changes coming into effect?,NA,NA,NA,NA,NA,NA
F,F02a,F02a.04,2,4,F2a.4,TRUE,Does the company maintain a <a href='#glossary-publicarchive'>public archive</a> or <a href='#glossary-changelog'>change log</a>?,NA,NA,NA,NA,NA,NA
F,F02b,F02b.01,2,1,F2b.1,FALSE,Does the company <a href='#glossary-clearlydisclose'>clearly disclose</a> that it <a href='#glossary-direct'>directly notifies</a> users about changes to its <a href='#glossary-advertisingcontentpolicies'>advertising content policies</a>?,NA,NA,NA,NA,NA,NA
F,F02b,F02b.02,2,2,F2b.2,FALSE,Does the company <a href='#glossary-clearlydisclose'>clearly disclose</a> how it will <a href='#glossary-direct'>directly notify</a> users of changes?,NA,NA,NA,NA,NA,NA
F,F02b,F02b.03,2,3,F2b.3,FALSE,Does the company <a href='#glossary-clearlydisclose'>clearly disclose</a> the timeframe within which it <a href='#glossary-direct'>directly notifies</a> <a href='#glossary-user%20'>users</a> of changes prior to these changes coming into effect?,NA,NA,NA,NA,NA,NA
F,F02b,F02b.04,2,4,F2b.4,FALSE,Does the company maintain a <a href='#glossary-publicarchive'>public archive</a> or <a href='#glossary-changelog'>change log</a>?,NA,NA,NA,NA,NA,NA
F,F02b,F02b.05,2,5,F2b.5,FALSE,(For <a href='#glossary-mobile'>mobile ecosystems</a>): Does the company <a href='#glossary-clearlydisclose'>clearly disclose</a> that it requires <a href='#glossary-app'>apps</a> made available through its <a href='#glossary-appstore'>app store</a> to notify <a href='#glossary-user'>users</a> when the <a href='#glossary-app'>apps</a> change their <a href='#glossary-advertisingcontentpolicies'>advertising content policies</a>?,NA,TRUE,telecom,TRUE,pda | search | email | messagingVoip | cloud | eCommerce | socialNetworkBlogs | photoVideo,NA
F,F02b,F02b.06,2,6,F2b.6,FALSE,(For <a href='#glossary-personaldig'>personal digital assistant ecosystems</a>): Does the company <a href='#glossary-clearlydisclose'>clearly disclose</a> that it requires <a href='#glossary-skills'>skills</a> made available through its <a href='#glossary-skillstore'>skill store</a> to notify users when the <a href='#glossary-skills'>skills</a> change their <a href='#glossary-advertisingcontentpolicies'>advertising content policies</a>?,NA,TRUE,telecom,TRUE,search | email | messagingVoip | cloud | eCommerce | socialNetworkBlogs | photoVideo,NA
F,F02c,F02c.01,2,1,F2c.1,FALSE,Does the company <a href='#glossary-clearlydisclose'>clearly disclose</a> that it <a href='#glossary-direct'>directly notifies</a> <a href='#glossary-user'>users</a> about changes to its <a href='#glossary-advertisingcontentpolicies'>advertising targeting policies</a>?,NA,NA,NA,NA,NA,NA
F,F02c,F02c.02,2,2,F2c.2,FALSE,Does the company <a href='#glossary-clearlydisclose'>clearly disclose</a> how it will <a href='#glossary-direct'>directly notify</a> <a href='#glossary-user'>users</a> of changes?,NA,NA,NA,NA,NA,NA
F,F02c,F02c.03,2,3,F2c.3,FALSE,Does the company <a href='#glossary-clearlydisclose'>clearly disclose</a> the timeframe within which it <a href='#glossary-direct'>directly notifies </a>users of changes prior to these changes coming into effect?,NA,NA,NA,NA,NA,NA
F,F02c,F02c.04,2,4,F2c.4,FALSE,Does the company maintain a <a href='#glossary-publicarchive'>public archive</a> or <a href='#glossary-changelog'>change log</a>?,NA,NA,NA,NA,NA,NA
F,F02c,F02c.05,2,5,F2c.5,FALSE,(For <a href='#glossary-mobile'>mobile ecosystems</a>): Does the company <a href='#glossary-clearlydisclose'>clearly disclose</a> that it requires <a href='#glossary-app'>apps</a> made available through its <a href='#glossary-appstore'>app store</a> to <a href='#glossary-direct'>directly notify </a>users when the <a href='#glossary-app'>apps</a> change their <a href='#glossary-advertisingcontentpolicies'>advertising targeting policies</a>?,NA,TRUE,telecom,TRUE,pda | search | email | messagingVoip | cloud | eCommerce | socialNetworkBlogs | photoVideo,NA
F,F02c,F02c.06,2,6,F2c.6,FALSE,(For <a href='#glossary-personaldig'>personal digital assistant ecosystems</a>): Does the company <a href='#glossary-clearlydisclose'>clearly disclose</a> that it requires <a href='#glossary-skills'>skills</a> made available through its <a href='#glossary-skillstore'>skill store</a> to <a href='#glossary-direct'>notify</a> <a href='#glossary-user'>users</a> when the <a href='#glossary-skills'>skills</a> change their <a href='#glossary-advertisingcontentpolicies'>advertising targeting policies</a>?,NA,TRUE,telecom,TRUE,mobileEcosystem | search | email | messagingVoip | cloud | eCommerce | socialNetworkBlogs | photoVideo,NA
F,F02d,F02d.01,2,1,F2d.1,FALSE,Does the company <a href='#glossary-clearlydisclose'>clearly disclose</a> that it <a href='#glossary-direct'>directly notifies</a> <a href='#glossary-user'>users</a> about changes to its <a href='#glossary-algsysuse'>algorithmic system use policies</a>?,NA,NA,NA,NA,NA,NA
F,F02d,F02d.02,2,2,F2d.2,FALSE,Does the company <a href='#glossary-clearlydisclose'>clearly disclose</a> how it will <a href='#glossary-direct'>directly notify </a>users of changes?,NA,NA,NA,NA,NA,NA
F,F02d,F02d.03,2,3,F2d.3,FALSE,Does the company <a href='#glossary-clearlydisclose'>clearly disclose</a> the timeframe within which it <a href='#glossary-direct'>directly notifies</a> <a href='#glossary-user'>users</a> of changes prior to these changes coming into effect?,NA,NA,NA,NA,NA,NA
F,F02d,F02d.04,2,4,F2d.4,FALSE,Does the company maintain a <a href='#glossary-publicarchive'>public archive</a> or <a href='#glossary-changelog'>change log</a>?,NA,NA,NA,NA,NA,NA
F,F03a,F03a.01,3,1,F3a.1,TRUE,Does the company <a href='#glossary-clearlydisclose'>clearly disclose</a> what types of <a href='#glossary-content'>content</a> or activities it does not permit?,NA,NA,NA,NA,NA,NA
F,F03a,F03a.02,3,2,F3a.2,TRUE,Does the company <a href='#glossary-clearlydisclose'>clearly disclose</a> why it may restrict a <a href='#glossary-account'>user's account</a>?,NA,NA,NA,TRUE,search,NA
F,F03a,F03a.03,3,3,F3a.3,FALSE,Does the company <a href='#glossary-clearlydisclose'>clearly disclose</a> information about the processes it uses to identify <a href='#glossary-content'>content</a> or <a href='#glossary-account'> accounts</a> that violate the company's rules?,NA,NA,NA,NA,NA,NA
F,F03a,F03a.04,3,4,F3a.4,FALSE,Does the company <a href='#glossary-clearlydisclose'>clearly disclose</a> how it uses <a href='#glossary-algsys'>algorithmic systems</a> to flag <a href='#glossary-content'>content</a> that might violate the company's rules?,NA,NA,NA,NA,NA,NA
F,F03a,F03a.05,3,5,F3a.5,TRUE,Does the company <a href='#glossary-clearlydisclose'>clearly disclose</a> whether any government authorities receive priority consideration when <a href='#glossary-flag'>flagging</a> <a href='#glossary-content'>content</a> to be restricted for violating the company's rules?,NA,NA,NA,TRUE,mobile | cloud | eCommerce | email,NA
F,F03a,F03a.06,3,6,F3a.6,TRUE,Does the company <a href='#glossary-clearlydisclose'>clearly disclose</a> whether any private entities receive priority consideration when <a href='#glossary-flag'>flagging</a> <a href='#glossary-content'>content</a> to be restricted for violating the company's rules?,NA,NA,NA,TRUE,mobile | cloud | eCommerce | email,NA
F,F03a,F03a.07,3,7,F3a.7,TRUE,Does the company <a href='#glossary-clearlydisclose'>clearly disclose</a> its process for enforcing its rules once violations are detected,NA,NA,NA,NA,NA,NA
F,F03b,F03b.01,3,1,F3b.1,FALSE,Does the company <a href='#glossary-clearlydisclose'>clearly disclose</a> what types of <a href='#glossary-advertisingcontent'>advertising content </a>it does not permit?,NA,NA,NA,NA,NA,NA
F,F03b,F03b.02,3,2,F3b.2,FALSE,Does the company <a href='#glossary-clearlydisclose'>clearly disclose</a> whether it <a href='#glossary-require'>requires</a> all <a href='#glossary-advertisingcontent'>advertising content </a> be clearly labelled as such?,NA,NA,NA,NA,NA,NA
F,F03b,F03b.03,3,3,F3b.3,FALSE,Does the company <a href='#glossary-clearlydisclose'>clearly disclose</a> the processes and technologies it uses to identify <a href='#glossary-advertisingcontent'>advertising content </a> or <a href='#glossary-account'>accounts </a>that violate the company's rules?,NA,NA,NA,NA,NA,NA
F,F03c,F03c.01,3,1,F3c.1,FALSE,Does the company <a href='#glossary-clearlydisclose'>clearly disclose</a> whether it enables <a href='#glossary-thirdparty'>third parties</a> to target its <a href='#glossary-user'>users</a> with <a href='#glossary-advertisingcontent'>advertising content</a>?,NA,NA,NA,NA,NA,NA
F,F03c,F03c.02,3,2,F3c.2,FALSE,Does the company <a href='#glossary-clearlydisclose'>clearly disclose</a> what types of <a href='#glossary-targetingpar'>targeting parameters</a> are not permitted?,NA,NA,NA,NA,NA,NA
F,F03c,F03c.03,3,3,F3c.3,FALSE,Does the company <a href='#glossary-clearlydisclose'>clearly disclose</a> that it does not permit <a href='#glossary-advertiser'>advertisers </a>to target specific individuals?,NA,NA,NA,NA,NA,NA
F,F03c,F03c.04,3,4,F3c.4,FALSE,Does the company <a href='#glossary-clearlydisclose'>clearly disclose</a> that <a href='#glossary-algorithm'>algorithmically</a> generated <a href='#glossary-advertisingaudiencecategories'>advertising audience categories</a> are evaluated by human reviewers before they can be used?,NA,NA,NA,NA,NA,NA
F,F03c,F03c.05,3,5,F3c.5,FALSE,Does the company <a href='#glossary-clearlydisclose'>clearly disclose</a> information about the processes and technologies it uses to identify <a href='#glossary-advertisingcontent'>advertising content</a> or <a href='#glossary-account'>accounts </a>that violate the company's rules?,NA,NA,NA,NA,NA,NA
F,F04a,F04a.01,4,1,F4a.1,FALSE,Does the company publish data about the total number of pieces of <a href='#glossary-contentrestriction'>content restricted </a>for violating the company's rules?,NA,NA,NA,NA,NA,NA
F,F04a,F04a.02,4,2,F4a.2,FALSE,Does the company publish data on the number of pieces of <a href='#glossary-contentrestriction'>content restricted</a> based on which rule was violated?,NA,NA,NA,NA,NA,NA
F,F04a,F04a.03,4,3,F4a.3,FALSE,"Does the company publish data on the number of pieces of <a href='#glossary-content'>content</a> it <a href='#glossary-contentrestriction'>restricted </a>based on the format of content? (e.g. text, image, video, live video)?",NA,NA,NA,NA,NA,NA
F,F04a,F04a.04,4,4,F4a.4,FALSE,Does the company publish data on the number of pieces of <a href='#glossary-content'>content</a> it <a href='#glossary-contentrestriction'>restricted </a>based on the method used to identify the violation?,NA,NA,NA,NA,NA,NA
F,F04a,F04a.05,4,5,F4a.5,FALSE,Does the company publish this data at least four times a year?,NA,NA,NA,NA,NA,NA
F,F04a,F04a.06,4,6,F4a.6,FALSE,Can the data be exported as a <a href='#glossary-structureddata'>structured data</a> file?,NA,NA,NA,NA,NA,NA
F,F04b,F04b.01,4,1,F4b.1,FALSE,Does the company publish data on the total number of <a href='#glossary-accountrestriction'>accounts restricted</a> for violating the company's own rules?,NA,NA,NA,NA,NA,NA
F,F04b,F04b.02,4,2,F4b.2,FALSE,Does the company publish data on the number of <a href='#glossary-accountrestriction'>accounts restricted </a>based on which rule was violated?,NA,NA,NA,NA,NA,NA
F,F04b,F04b.03,4,3,F4b.3,FALSE,Does the company publish data on the number of <a href='#glossary-accountrestriction'>accounts restricted</a> based on the method used to identify the violation?,NA,NA,NA,NA,NA,NA
F,F04b,F04b.04,4,4,F4b.4,FALSE,Does the company publish this data at least four times a year?,NA,NA,NA,NA,NA,NA
F,F04b,F04b.05,4,5,F4b.5,FALSE,Can the data be exported as a <a href='#glossary-structureddata'>structured data</a> file?,NA,NA,NA,NA,NA,NA
F,F04c,F04c.01,4,1,F4c.1,FALSE,Does the company publish the number of <a href='#glossary-advertisement'>advertisements</a> it <a href='#glossary-contentrestriction'>restricted</a> to enforce its <a href='#glossary-advertisingcontentpolicies'>advertising content policies</a>?,NA,NA,NA,NA,NA,NA
F,F04c,F04c.02,4,2,F4c.2,FALSE,Does the company publish the number of <a href='#glossary-advertisement'>advertisements</a> it <a href='#glossary-contentrestriction'>restricted</a> based on which <a href='#glossary-advertisingcontentpolicies'>advertising content</a> rule was violated?,NA,NA,NA,NA,NA,NA
F,F04c,F04c.03,4,3,F4c.3,FALSE,Does the company publish the total number of <a href='#glossary-advertisement'>advertisements</a> it <a href='#glossary-contentrestriction'>restricted</a> to enforce its <a href='#glossary-advertisingtargetingpolicies'>advertising targeting policies</a>?,NA,NA,NA,NA,NA,NA
F,F04c,F04c.04,4,4,F4c.4,FALSE,Does the company publish the number of <a href='#glossary-advertisement'>advertisements</a> it <a href='#glossary-contentrestriction'>restricted</a> based on which <a href='#glossary-advertisingtargetingpolicies'>advertising targeting rule</a> was violated?,NA,NA,NA,NA,NA,NA
F,F04c,F04c.05,4,5,F4c.5,FALSE,Does the company publish this data at least once a year?,NA,NA,NA,NA,NA,NA
F,F04c,F04c.06,4,6,F4c.6,FALSE,Can the data be exported as a <a href='#glossary-structureddata'>structured data</a>?,NA,NA,NA,NA,NA,NA
F,F05a,F05a.01,5,1,F5a.1,TRUE,Does the company <a href='#glossary-clearlydisclose'>clearly disclose</a> its process for responding to non-judicial <a href='#glossary-govdemands'>government demands</a>?,NA,NA,NA,NA,NA,NA
F,F05a,F05a.02,5,2,F5a.2,TRUE,Does the company <a href='#glossary-clearlydisclose'>clearly disclose</a> its process for responding to <a href='#glossary-courtorders'>court orders</a>?,NA,NA,NA,NA,NA,NA
F,F05a,F05a.03,5,3,F5a.3,TRUE,Does the company <a href='#glossary-clearlydisclose'>clearly disclose</a> its process for responding to <a href='#glossary-govdemands'>government demands</a> from foreign jurisdictions?,NA,NA,NA,NA,NA,NA
F,F05a,F05a.04,5,4,F5a.4,TRUE,Do the company's explanations <a href='#glossary-clearlydisclose'>clearly disclose</a> the legal basis under which it may comply with <a href='#glossary-govdemands'>government demands</a>?,NA,NA,NA,NA,NA,NA
F,F05a,F05a.05,5,5,F5a.5,TRUE,Does the company <a href='#glossary-clearlydisclose'>clearly disclose</a> that it carries out due diligence on <a href='#glossary-govdemands'>government demands</a> before deciding how to respond?,NA,NA,NA,NA,NA,NA
F,F05a,F05a.06,5,6,F5a.6,TRUE,Does the company commit to push back on inappropriate or overbroad <a href='#glossary-govdemands'>demands made by governments</a>?,NA,NA,NA,NA,NA,NA
F,F05a,F05a.07,5,7,F5a.7,TRUE,Does the company provide clear guidance or examples of implementation of its process of responding to <a href='#glossary-govdemands'>government demands</a>?,NA,NA,NA,NA,NA,NA
F,F05b,F05b.01,5,1,F5b.1,TRUE,"Does the company <a href='#glossary-clearlydisclose'>clearly disclose</a> its process for responding to <a href='#glossary-privateprocesses'>requests</a> to remove, filter, or restrict content or accounts made through <a href='#glossary-privateprocesses'>private processes</a>?",NA,NA,NA,NA,NA,NA
F,F05b,F05b.02,5,2,F5b.2,TRUE,Do the company's explanations <a href='#glossary-clearlydisclose'>clearly disclose</a> the basis under which it may comply with <a href='#glossary-privateprocesses'>requests</a> made through <a href='#glossary-privateprocesses'>private processes</a>?,NA,NA,NA,NA,NA,NA
F,F05b,F05b.03,5,3,F5b.3,TRUE,Does the company <a href='#glossary-clearlydisclose'>clearly disclose</a> that it carries out due diligence on <a href='#glossary-privateprocesses'>requests</a> made through <a href='#glossary-privateprocesses'>private processes</a> before deciding how to respond?,NA,NA,NA,NA,NA,NA
F,F05b,F05b.04,5,4,F5b.4,TRUE,Does the company commit to push back on inappropriate or overbroad requests made through <a href='#glossary-privateprocesses'>private processes</a>?,NA,NA,NA,NA,NA,NA
F,F05b,F05b.05,5,5,F5b.5,TRUE,Does the company provide clear guidance or examples of implementation of its process of responding to <a href='#glossary-privateprocesses'>requests</a> made through <a href='#glossary-privateprocesses'>private processes</a>?,NA,NA,NA,NA,NA,NA
F,F06,F06.01,6,1,F6.1,TRUE,Does the company break out the number of <a href='#glossary-govdemands'>government demands</a> it receives by country?,NA,NA,NA,NA,NA,NA
F,F06,F06.02,6,2,F6.2,TRUE,Does the company list the number of <a href='#glossary-account'>accounts</a> affected?,NA,NA,NA,TRUE,search,NA
F,F06,F06.03,6,3,F6.3,TRUE,Does the company list the number of pieces of <a href='#glossary-content'>content</a> or URLs affected?,NA,NA,NA,TRUE,messagingVoip,NA
F,F06,F06.04,6,4,F6.4,TRUE,Does the company list the types of subject matter associated with the <a href='#glossary-govdemands'>government demands</a> it receives?,NA,NA,NA,NA,NA,NA
F,F06,F06.05,6,5,F6.5,TRUE,Does the company list the number of <a href='#glossary-govdemands'>government demands</a> that come from different legal authorities?,NA,NA,NA,NA,NA,NA
F,F06,F06.06,6,6,F6.6,TRUE,Does the company list the number of <a href='#glossary-govdemands'>government demands</a> it knowingly receives from government officials to restrict <a href='#glossary-content'>content</a> or <a href='#glossary-account'>accounts</a> through <a href='#glossary-unofficialprocesses'>unofficial processes</a>?,NA,NA,NA,NA,NA,NA
F,F06,F06.07,6,7,F6.7,TRUE,Does the company list the number of <a href='#glossary-govdemands'>government demands</a> with which it complied?,NA,NA,NA,NA,NA,NA
F,F06,F06.08,6,8,F6.8,TRUE,Does the company publish the original <a href='#glossary-govdemands'>government demands</a> or disclose that it provides copies to a <a href='#glossary-publicthird'>public third-party archive</a>?,NA,NA,NA,NA,NA,NA
F,F06,F06.09,6,9,F6.9,TRUE,Does the company report this data at least once a year?,NA,NA,NA,NA,NA,NA
F,F06,F06.10,6,10,F6.10,TRUE,Can the data be exported as a <a href='#glossary-structureddata'>structured data</a> file?,NA,NA,NA,NA,NA,NA
F,F07,F07.01,7,1,F7.1,TRUE,Does the company break out the number of requests to restrict <a href='#glossary-contentrestriction'>content</a> or <a href='#glossary-account'>accounts</a> that it receives through private processes?,NA,NA,NA,NA,NA,NA
F,F07,F07.02,7,2,F7.2,TRUE,Does the company list the number of <a href='#glossary-account'>accounts</a> affected?,NA,NA,NA,TRUE,search,NA
F,F07,F07.03,7,3,F7.3,TRUE,Does the company list the number of pieces of <a href='#glossary-contentrestriction'>content</a> or URLs affected?,NA,NA,NA,TRUE,messagingVoip,NA
F,F07,F07.04,7,4,F7.4,TRUE,Does the company list the reasons for removal associated with the requests it receives?,NA,NA,NA,NA,NA,NA
F,F07,F07.05,7,5,F7.5,TRUE,Does the company <a href='#glossary-clearlydisclose'>clearly disclose</a> the <a href='#glossary-privateprocesses'>private processes</a> that made requests?,NA,NA,NA,NA,NA,NA
F,F07,F07.06,7,6,F7.6,TRUE,Does the company list the number of requests it complied with?,NA,NA,NA,NA,NA,NA
F,F07,F07.07,7,7,F7.7,TRUE,Does the company publish the original requests or disclose that it provides copies to a <a href='#glossary-publicthird'>public third-party archive</a>?,NA,NA,NA,NA,NA,NA
F,F07,F07.08,7,8,F7.8,TRUE,Does the company report this data at least once a year?,NA,NA,NA,NA,NA,NA
F,F07,F07.09,7,9,F7.9,TRUE,Can the data be exported as a <a href='#glossary-structureddata'>structured data</a> file?,NA,NA,NA,NA,NA,NA
F,F07,F07.10,7,10,F7.10,TRUE,Does the company <a href='#glossary-clearlydisclose'>clearly disclose</a> that its reporting covers all types of requests that it receives through <a href='#glossary-privateprocesses'>private processes</a>?,NA,NA,NA,NA,NA,NA
F,F08,F08.01,8,1,F8.1,TRUE,"If the company hosts user-generated content, does the company <a href='#glossary-clearlydisclose'>clearly disclose</a> that it notifies users who generated the <a href='#glossary-contentrestriction'>content</a> when it is restricted?",NA,TRUE,telecom,TRUE,email | search,NA
F,F08,F08.02,8,2,F8.2,TRUE,Does the company <a href='#glossary-clearlydisclose'>clearly disclose</a> that it notifies users who attempt to access <a href='#glossary-contentrestriction'>content</a> that has been restricted?,NA,NA,NA,TRUE,email,NA
F,F08,F08.03,8,3,F8.3,TRUE,"In its notification, does the company <a href='#glossary-clearlydisclose'>clearly disclose</a> a reason for the <a href='#glossary-contentrestriction'>content restriction</a> (legal or otherwise)?",NA,NA,NA,TRUE,email,NA
F,F08,F08.04,8,4,F8.4,TRUE,Does the company <a href='#glossary-clearlydisclose'>clearly disclose</a> that it notifies users when it restricts their <a href='#glossary-account'>accounts</a>?,NA,NA,NA,TRUE,search,NA
F,F09,F09.01,9,1,F9.1,TRUE,"Does the company <a href='#glossary-clearlydisclose'>clearly disclose</a> a policy commitment to not <a href='#glossary-prioritization'>prioritize</a>, block, or delay certain types of traffic, <a href='#glossary-app'>applications</a>, <a href='#glossary-protocol'>protocols</a>, or <a href='#glossary-content'>content</a> for reasons beyond assuring quality of service and reliability of the network?",NA,NA,NA,NA,NA,NA
F,F09,F09.02,9,2,F9.2,FALSE,"Does the company engage in practices, such as offering <a href='#glossary-zerorating'>zero-rating programs</a>, that <a href='#glossary-prioritization'>prioritize</a> network traffic for reasons beyond assuring quality of service and reliability of the network?",NA,NA,NA,NA,NA,NA
F,F09,F09.03,9,3,F9.3,TRUE,"If the company does engage in network <a href='#glossary-prioritization'>prioritization</a> practices for reasons beyond assuring quality of service and reliability of the network, does it <a href='#glossary-clearlydisclose'>clearly disclose</a> its purpose for doing so?",NA,NA,NA,NA,NA,NA
F,F10,F10.01,10,1,F10.1,TRUE,Does the company <a href='#glossary-clearlydisclose'>clearly disclose</a> the reason(s) why it may shut down service to a particular area or group of users?,NA,NA,NA,NA,NA,NA
F,F10,F10.02,10,2,F10.2,TRUE,"Does the company <a href='#glossary-clearlydisclose'>clearly disclose</a> why it may restrict access to specific <a href='#glossary-app'>applications</a> or <a href='#glossary-protocol'>protocols</a> (e.g., VoIP, messaging) in a particular area or to a specific group of users?",NA,NA,NA,NA,NA,NA
F,F10,F10.03,10,3,F10.3,TRUE,Does the company <a href='#glossary-clearlydisclose'>clearly disclose</a> its process for responding to <a href='#glossary-govdemands'>government demands</a> to <a href='#glossary-shutdown'>shut down a network or restrict access to a service</a>?,NA,NA,NA,NA,NA,NA
F,F10,F10.04,10,4,F10.4,TRUE,Does the company <a href='#glossary-clearlydisclose'>clearly disclose</a> a commitment to push back on <a href='#glossary-govdemands'>government demands</a> to <a href='#glossary-shutdown'>shut down a network or restrict access to a service</a>?,NA,NA,NA,NA,NA,NA
F,F10,F10.05,10,5,F10.5,TRUE,Does the company <a href='#glossary-clearlydisclose'>clearly disclose</a> that it notifies users directly when it <a href='#glossary-shutdown'>shuts down a network or restricts access to a service</a>?,NA,NA,NA,NA,NA,NA
F,F10,F10.06,10,6,F10.6,TRUE,Does the company <a href='#glossary-clearlydisclose'>clearly disclose</a> the number of <a href='#glossary-shutdown'>network shutdown</a> demands it receives?,NA,NA,NA,NA,NA,NA
F,F10,F10.07,10,7,F10.7,TRUE,Does the company <a href='#glossary-clearlydisclose'>clearly disclose</a> the specific legal authority that makes the <a href='#glossary-govdemands'>demands</a>?,NA,NA,NA,NA,NA,NA
F,F10,F10.08,10,8,F10.8,TRUE,Does the company <a href='#glossary-clearlydisclose'>clearly disclose</a> the number of <a href='#glossary-govdemands'>government demands</a> with which it complied?,NA,NA,NA,NA,NA,NA
F,F11,F11.01,11,1,F11.1,TRUE,"Does the company <a href='#glossary-require'>require</a> users to verify their identity with their <a href='#glossary-governmentid'>government-issued identification</a>, or with other forms of identification that could be connected to their offline identity?",NA,NA,NA,NA,NA,NA
F,F12,F12.01,12,1,F12.1,FALSE,"Does the company <a href='#glossary-clearlydisclose'>clearly disclose</a> whether it uses <a href='#glossary-algsys'>algorithmic systems</a> to <a href='#glossary-algcontent'>curate, recommend, and/or rank</a> the <a href='#glossary-content'>content</a> that users can access through its platform?",NA,NA,NA,NA,NA,NA
F,F12,F12.02,12,2,F12.2,FALSE,"Does the company <a href='#glossary-clearlydisclose'>clearly disclose</a> how the <a href='#glossary-algsys'>algorithmic systems</a> are deployed to <a href='#glossary-algcontent'>curate, recommend, and/or rank</a> <a href='#glossary-content'>content</a>, including the variables that influence these systems?",NA,NA,NA,NA,NA,NA
F,F12,F12.03,12,3,F12.3,FALSE,"Does the company <a href='#glossary-clearlydisclose'>clearly disclose</a> what options users have to control the variables that the <a href='#glossary-algcontent'>algorithmic content curation, recommendation, and/or ranking system</a> takes into account?",NA,NA,NA,NA,NA,NA
F,F12,F12.04,12,4,F12.4,FALSE,"Does the company <a href='#glossary-clearlydisclose'>clearly disclose</a> whether algorithmic systems are used to automatically <a href='#glossary-algcontent'>curate, recommend, and/or rank content</a> by default?",NA,NA,NA,NA,NA,NA
F,F12,F12.05,12,5,F12.5,FALSE,"Does the company <a href='#glossary-clearlydisclose'>clearly disclose</a> that users can opt in to automated content <a href='#glossary-algcontent'>curation, recommendation, and/or ranking systems</a>?",NA,NA,NA,NA,NA,NA
F,F13,F13.01,13,1,F13.1,FALSE,Does the company <a href='#glossary-clearlydisclose'>clearly disclose</a> rules governing the use of <a href='#glossary-bot'>bots</a> on its platform?,NA,NA,NA,NA,NA,NA
F,F13,F13.02,13,2,F13.2,FALSE,"Does the company <a href='#glossary-clearlydisclose'>clearly disclose</a> that it requires <a href='#glossary-user'>users</a> to clearly label all <a href='#glossary-content'>content</a> and <a href='#glossary-account'>accounts</a> that are produced, disseminated or operated with the assistance of a <a href='#glossary-bot'>bot</a>?",NA,NA,NA,NA,NA,NA
F,F13,F13.03,13,3,F13.3,FALSE,Does the company <a href='#glossary-clearlydisclose'>clearly disclose</a> its process for enforcing its <a href='#glossary-botpolicy'>bot policy</a>?,NA,NA,NA,NA,NA,NA
F,F13,F13.04,13,4,F13.4,FALSE,Does the company <a href='#glossary-clearlydisclose'>clearly disclose</a> data on the volume and nature of user <a href='#glossary-content'>content</a> and <a href='#glossary-account'>account</a> restricted for violating the company's <a href='#glossary-botpolicy'>bot policy</a>?,NA,NA,NA,NA,NA,NA
P,P01a,P01a.01,1,1,P1a.1,TRUE,Are the company's <a href='#glossary-privacypolicies'>privacy policies</a> <a href='#glossary-easytofind'>easy to find</a>?,NA,NA,NA,NA,NA,NA
P,P01a,P01a.02,1,2,P1a.2,TRUE,Are the <a href='#glossary-privacypolicies'>privacy policies</a> available in the primary language(s) spoken by users in the company's home jurisdiction?,NA,NA,NA,NA,NA,NA
P,P01a,P01a.03,1,3,P1a.3,TRUE,Are the policies presented in an <a href='#glossary-easytounderstand'>understandable manner</a>?,NA,NA,NA,NA,NA,NA
P,P01a,P01a.04,1,4,P1a.4,TRUE,(For <a href='#glossary-mobile'>mobile ecosystems</a>): Does the company disclose that it requires <a href='#glossary-app'>apps</a> made available through its <a href='#glossary-appstore'>app store</a> to provide <a href='#glossary-user'>users</a> with a <a href='#glossary-privacypolicies'>privacy policy</a>?,NA,TRUE,telecom,TRUE,pda | search | email | messagingVoip | cloud | eCommerce | socialNetworkBlogs | photoVideo,NA
P,P01a,P01a.05,1,5,P1a.5,FALSE,(For <a href='#glossary-personaldig'>personal digital assistant ecosystems</a>): Does the company disclose that it requires <a href='#glossary-skills'>skills</a> made available through its <a href='#glossary-skillstore'>skill store</a> to provide <a href='#glossary-user'>users</a> with a <a href='#glossary-privacypolicies'>privacy policy</a>?,NA,TRUE,telecom,TRUE,search | email | messagingVoip | cloud | eCommerce | socialNetworkBlogs | photoVideo,NA
P,P01b,P01b.01,1,1,P1b.1,FALSE,Are the company's <a href='#glossary-algsysdev'>algorithmic system development policies</a> <a href='#glossary-easytofind'>easy to find</a>?,NA,NA,NA,NA,NA,NA
P,P01b,P01b.02,1,2,P1b.2,FALSE,Are the <a href='#glossary-algsysdev'>algorithmic system development policies</a> available in the primary language(s) spoken by users?,NA,NA,NA,NA,NA,NA
P,P01b,P01b.03,1,3,P1b.3,FALSE,Are the <a href='#glossary-algsysdev'>algorithmic system development policies</a> presented in an <a href='#glossary-easytounderstand'>understandable manner</a>?,NA,NA,NA,NA,NA,NA
P,P02a,P02a.01,2,1,P2a.1,TRUE,Does the company <a href='#glossary-clearlydisclose'>clearly disclose</a> that it <a href='#glossary-direct'>directly </a><a href='#glossary-notice'>notifies</a> <a href='#glossary-user'>users</a> about all changes to its <a href='#glossary-privacypolicies'>privacy policies</a>?,NA,NA,NA,NA,NA,NA
P,P02a,P02a.02,2,2,P2a.2,TRUE,Does the company <a href='#glossary-clearlydisclose'>clearly disclose</a> how it will <a href='#glossary-direct'>directly notify</a> <a href='#glossary-user'>users</a> of changes?,NA,NA,NA,NA,NA,NA
P,P02a,P02a.03,2,3,P2a.3,TRUE,Does the company <a href='#glossary-clearlydisclose'>clearly disclose</a> the timeframe within which it <a href='#glossary-direct'>directly</a> <a href='#glossary-direct'> notifies</a> <a href='#glossary-user'>users</a> of changes prior to these changes coming into effect?,NA,NA,NA,NA,NA,NA
P,P02a,P02a.04,2,4,P2a.4,TRUE,Does the company maintain a <a href='#glossary-publicarchive'>public archive</a> or <a href='#glossary-changelog'>change log</a>?,NA,NA,NA,NA,NA,NA
P,P02a,P02a.05,2,5,P2a.5,TRUE,(For mobile ecosystems): Does the company <a href='#glossary-clearlydisclose'>clearly disclose</a> that it requires apps sold through its app store to notify <a href='#glossary-user'>users</a> when the app changes its <a href='#glossary-privacypolicies'>privacy policy</a>?,NA,TRUE,telecom,TRUE,pda | search | email | messagingVoip | cloud | eCommerce | socialNetworkBlogs | photoVideo,NA
P,P02a,P02a.06,2,6,P2a.6,FALSE,(For <a href='#glossary-personaldig'>personal digital assistant ecosystems</a>): Does the company <a href='#glossary-clearlydisclose'>clearly disclose</a> that it requires <a href='#glossary-skills'>skills</a> sold through its <a href='#glossary-skillstore'>skill store</a> to notify <a href='#glossary-user'>users</a> when the skill changes its <a href='#glossary-privacypolicies'>privacy policy</a>?,NA,TRUE,telecom,TRUE,search | email | messagingVoip | cloud | eCommerce | socialNetworkBlogs | photoVideo,NA
P,P02b,P02b.01,2,1,P2b.1,FALSE,Does the company <a href='#glossary-clearlydisclose'>clearly disclose</a> that it <a href='#glossary-direct'>directly notifies</a> <a href='#glossary-user'>users</a> about all changes to its <a href='#glossary-algsysdev'>algorithmic system development policies</a>?,NA,NA,NA,NA,NA,NA
P,P02b,P02b.02,2,2,P2b.2,FALSE,Does the company <a href='#glossary-clearlydisclose'>clearly disclose</a> how it will <a href='#glossary-direct'>directly notify</a> <a href='#glossary-user'>users</a> of changes?,NA,NA,NA,NA,NA,NA
P,P02b,P02b.03,2,3,P2b.3,FALSE,Does the company <a href='#glossary-clearlydisclose'>clearly disclose</a> the time frame within which it <a href='#glossary-direct'>directly</a><a href='#glossary-direct'> notifies</a> <a href='#glossary-user'>users</a> of changes prior to these changes coming into effect?,NA,NA,NA,NA,NA,NA
P,P02b,P02b.04,2,4,P2b.4,FALSE,Does the company maintain a public archive or change log?,NA,NA,NA,NA,NA,NA
P,P03a,P03a.01,3,1,P3a.1,TRUE,Does the company <a href='#glossary-clearlydisclose'>clearly disclose</a> what types of <a href='#glossary-userinformation'>user information</a> it <a href='#glossary-collect'>collects</a>?,NA,NA,NA,NA,NA,NA
P,P03a,P03a.02,3,2,P3a.2,TRUE,"For each type of <a href='#glossary-userinformation'>user information</a> the company <a href='#glossary-collect'>collects</a>, does the company <a href='#glossary-clearlydisclose'>clearly disclose</a> how it collects that user information?",NA,NA,NA,NA,NA,NA
P,P03a,P03a.03,3,3,P3a.3,TRUE,Does the company <a href='#glossary-clearlydisclose'>clearly disclose</a> that it <a href='#glossary-limitation'>limits collection</a> of <a href='#glossary-userinformation'>user information</a> to what is directly relevant and necessary to accomplish the purpose of its service?,NA,NA,NA,NA,NA,NA
P,P03a,P03a.04,3,4,P3a.4,TRUE,(For <a href='#glossary-mobile'>mobile ecosystems</a><a href='#glossary-mobile'>)</a>: Does the company <a href='#glossary-clearlydisclose'>clearly disclose</a> that it evaluates whether the <a href='#glossary-privacypolicies'>privacy policies</a> of third-party <a href='#glossary-app'>apps</a> made available through its <a href='#glossary-appstore'>app store</a> disclose what <a href='#glossary-userinformation'>user information</a> the apps <a href='#glossary-collect'>collect</a>?,NA,TRUE,telecom,TRUE,pda | search | email | messagingVoip | cloud | eCommerce | socialNetworkBlogs | photoVideo,NA
P,P03a,P03a.05,3,5,P3a.5,TRUE,(For <a href='#glossary-mobile'>mobile ecosystems</a>): Does the company <a href='#glossary-clearlydisclose'>clearly disclose</a> that it evaluates whether third-party <a href='#glossary-app'>apps</a> made available through its <a href='#glossary-appstore'>app store</a> <a href='#glossary-limitation'>limit collection</a> of <a href='#glossary-userinformation'>user information</a> to what is directly relevant and necessary to accomplish the purpose of the app?,NA,TRUE,telecom,TRUE,pda | search | email | messagingVoip | cloud | eCommerce | socialNetworkBlogs | photoVideo,NA
P,P03a,P03a.06,3,6,P3a.6,FALSE,(For <a href='#glossary-personaldig'>personal digital assistant ecosystems</a>): Does the company <a href='#glossary-clearlydisclose'>clearly disclose</a> that it evaluates whether the <a href='#glossary-privacypolicies'>privacy policies</a> of third-party <a href='#glossary-skills'>skills</a> made available through its <a href='#glossary-skillstore'>skill store</a> disclose what <a href='#glossary-userinformation'>user information</a> the skills <a href='#glossary-collect'>collect</a>?,NA,TRUE,telecom,TRUE,search | email | messagingVoip | cloud | eCommerce | socialNetworkBlogs | photoVideo,NA
P,P03a,P03a.07,3,7,P3a.7,FALSE,(For <a href='#glossary-personaldig'>personal digital assistant ecosystems</a>): Does the company <a href='#glossary-clearlydisclose'>clearly disclose</a> that it evaluates whether third-party <a href='#glossary-skills'>skills</a> made available through its <a href='#glossary-skillstore'>skill store</a> <a href='#glossary-limitation'>limit collection</a> of <a href='#glossary-userinformation'>user information</a> to what is directly relevant and necessary to accomplish the purpose of the skill?,NA,TRUE,telecom,TRUE,search | email | messagingVoip | cloud | eCommerce | socialNetworkBlogs | photoVideo,NA
P,P03b,P03b.01,3,1,P3b.1,FALSE,Does the company <a href='#glossary-clearlydisclose'>clearly disclose</a> all the types of <a href='#glossary-userinformation'>user information</a> it <a href='#glossary-datainf'>infers</a> on the basis of <a href='#glossary-collect'>collected user information</a>?,NA,NA,NA,NA,NA,NA
P,P03b,P03b.02,3,2,P3b.2,FALSE,"For each type of <a href='#glossary-userinformation'>user information</a> the company <a href='#glossary-datainf'>infers</a>, does the company <a href='#glossary-clearlydisclose'>clearly disclose</a> how it <a href='#glossary-datainf'>infers</a> that <a href='#glossary-userinformation'>user information</a>?",NA,NA,NA,NA,NA,NA
P,P03b,P03b.03,3,3,P3b.3,FALSE,Does the company <a href='#glossary-clearlydisclose'>clearly disclose</a> that it limits <a href='#glossary-datainf'>inference</a> of <a href='#glossary-userinformation'>user information</a> to what is directly relevant and necessary to accomplish the purpose of its service?,NA,NA,NA,NA,NA,NA
P,P04,P04.01,4,1,P4.1,TRUE,"For each type of <a href='#glossary-userinformation'>user information</a> the company collects, does the company <a href='#glossary-clearlydisclose'>clearly disclose</a> whether it <a href='#glossary-shares'>shares</a> that user information?",NA,NA,NA,NA,NA,NA
P,P04,P04.02,4,2,P4.2,TRUE,"For each type of <a href='#glossary-userinformation'>user information</a> the company <a href='#glossary-shares'>shares</a>, does the company <a href='#glossary-clearlydisclose'>clearly disclose</a> the types of <a href='#glossary-thirdparty'>third parties</a> with which it <a href='#glossary-shares'>shares</a> that user information?",NA,NA,NA,NA,NA,NA
P,P04,P04.03,4,3,P4.3,TRUE,Does the company <a href='#glossary-clearlydisclose'>clearly disclose</a> that it may <a href='#glossary-shares'>share</a> <a href='#glossary-userinformation'>user information</a> with government(s) or legal authorities?,NA,NA,NA,NA,NA,NA
P,P04,P04.04,4,4,P4.4,TRUE,"For each type of <a href='#glossary-userinformation'>user information</a> the company <a href='#glossary-shares'>shares</a>, does the company <a href='#glossary-clearlydisclose'>clearly disclose</a> the names of all <a href='#glossary-thirdparty'>third parties</a> with which it <a href='#glossary-shares'>shares</a> user information?",NA,NA,NA,NA,NA,NA
P,P04,P04.05,4,5,P4.5,TRUE,(For <a href='#glossary-mobile'>mobile ecosystems</a>): Does the company <a href='#glossary-clearlydisclose'>clearly disclose</a> that it evaluates whether the <a href='#glossary-privacypolicies'>privacy policies</a> of <a href='#glossary-thirdparty'>third party</a> <a href='#glossary-app'>apps</a> made available through its <a href='#glossary-appstore'>app store</a> disclose what <a href='#glossary-userinformation'>user information</a> the apps <a href='#glossary-shares'>share</a>?,NA,TRUE,telecom,TRUE,pda | search | email | messagingVoip | cloud | eCommerce | socialNetworkBlogs | photoVideo,NA
P,P04,P04.06,4,6,P4.6,TRUE,(For <a href='#glossary-mobile'>mobile ecosystems</a>): Does the company <a href='#glossary-clearlydisclose'>clearly disclose</a> that it evaluates whether the <a href='#glossary-privacypolicies'>privacy policies</a> of <a href='#glossary-thirdparty'>third party</a> <a href='#glossary-app'>apps</a> made available through its <a href='#glossary-appstore'>app store</a> disclose the types of <a href='#glossary-thirdparty'>third parties</a> with whom they <a href='#glossary-shares'>share</a> <a href='#glossary-userinformation'>user information</a>?,NA,TRUE,telecom,TRUE,pda | search | email | messagingVoip | cloud | eCommerce | socialNetworkBlogs | photoVideo,NA
P,P04,P04.07,4,7,P4.7,FALSE,(For <a href='#glossary-personaldig'>personal </a><a href='#glossary-personaldig'>digital assistant ecosystems</a>): Does the company <a href='#glossary-clearlydisclose'>clearly disclose</a> that it evaluates whether the <a href='#glossary-privacypolicies'>privacy policies</a> of <a href='#glossary-thirdparty'>third party</a> <a href='#glossary-skills'>skills</a> made available through its <a href='#glossary-skillstore'>skill store</a> disclose what <a href='#glossary-userinformation'>user information</a> the skills <a href='#glossary-shares'>share</a>?,NA,TRUE,telecom,TRUE,search | email | messagingVoip | cloud | eCommerce | socialNetworkBlogs | photoVideo,NA
P,P04,P04.08,4,8,P4.8,FALSE,(For <a href='#glossary-personaldig'>personal digital assistant ecosystems</a>): Does the company <a href='#glossary-clearlydisclose'>clearly disclose</a> that it evaluates whether the <a href='#glossary-privacypolicies'>privacy policies</a> of <a href='#glossary-thirdparty'>third party</a> <a href='#glossary-skills'>skills</a> made available through its <a href='#glossary-skillstore'>skill store</a> disclose the types of <a href='#glossary-thirdparty'>third parties</a> with whom they <a href='#glossary-shares'>share</a> <a href='#glossary-userinformation'>user information</a>?,NA,TRUE,telecom,TRUE,search | email | messagingVoip | cloud | eCommerce | socialNetworkBlogs | photoVideo,NA
P,P05,P05.01,5,1,P5.1,TRUE,"For each type of <a href='#glossary-userinformation'>user information</a> the company <a href='#glossary-collect'>collects</a>, does the company clearly<a href='#glossary-clearlydisclose'> disclose</a> its purpose for <a href='#glossary-collect'>collection</a>?",NA,NA,NA,NA,NA,NA
P,P05,P05.02,5,2,P5.2,FALSE,"For each type of <a href='#glossary-userinformation'>user information</a> the company <a href='#glossary-datainf'>infers</a>, does the company <a href='#glossary-clearlydisclose'>clearly disclose</a> its purpose for the <a href='#glossary-datainf'>inference</a>?",NA,NA,NA,NA,NA,NA
P,P05,P05.03,5,3,P5.3,TRUE,"Does the company <a href='#glossary-clearlydisclose'>clearly disclose</a> whether it combines <a href='#glossary-userinformation'>user information</a> from various company services and if so, why?",NA,NA,NA,NA,NA,NA
P,P05,P05.04,5,4,P5.4,TRUE,"For each type of <a href='#glossary-userinformation'>user information</a> the company <a href='#glossary-shares'>shares</a>, does the company <a href='#glossary-clearlydisclose'>clearly disclose</a> its purpose for sharing?",NA,NA,NA,NA,NA,NA
P,P05,P05.05,5,5,P5.5,TRUE,Does the company <a href='#glossary-clearlydisclose'>clearly disclose</a> that it limits its use of <a href='#glossary-userinformation'>user information</a> to the purpose for which it was <a href='#glossary-collect'>collected</a> or <a href='#glossary-datainf'>inferred</a>?,NA,NA,NA,NA,NA,NA
P,P06,P06.01,6,1,P6.1,TRUE,"For each type of <a href='#glossary-userinformation'>user information</a> the company collects, does the company <a href='#glossary-clearlydisclose'>clearly disclose</a> how long it <a href='#glossary-retention'>retains</a> that user information?",NA,NA,NA,NA,NA,NA
P,P06,P06.02,6,2,P6.2,TRUE,Does the company <a href='#glossary-clearlydisclose'>clearly disclose</a> what <a href='#glossary-deidentified'>de-identified</a> <a href='#glossary-userinformation'>user information</a> it retains?,NA,NA,NA,NA,NA,NA
P,P06,P06.03,6,3,P6.3,TRUE,Does the company <a href='#glossary-clearlydisclose'>clearly disclose</a> the process for <a href='#glossary-deidentified'>de-identifying</a> <a href='#glossary-userinformation'>user information</a>?,NA,NA,NA,NA,NA,NA
P,P06,P06.04,6,4,P6.4,TRUE,Does the company <a href='#glossary-clearlydisclose'>clearly disclose</a> that it deletes all <a href='#glossary-userinformation'>user information</a> after users terminate their account?,NA,NA,NA,NA,NA,NA
P,P06,P06.05,6,5,P6.5,TRUE,Does the company <a href='#glossary-clearlydisclose'>clearly disclose</a> the time frame in which it will delete <a href='#glossary-userinformation'>user information</a> after users terminate their account?,NA,NA,NA,NA,NA,NA
P,P06,P06.06,6,6,P6.6,TRUE,(For <a href='#glossary-mobile'>mobile ecosystems</a>): Does the company <a href='#glossary-clearlydisclose'>clearly disclose</a> that it evaluates whether the <a href='#glossary-privacypolicies'>privacy policies</a> of <a href='#glossary-thirdparty'>third-party</a> <a href='#glossary-app'>apps</a> made available through its <a href='#glossary-appstore'>app store</a> disclose how long they retain <a href='#glossary-userinformation'>user information</a>?,NA,TRUE,telecom,TRUE,pda | search | email | messagingVoip | cloud | eCommerce | socialNetworkBlogs | photoVideo,NA
P,P06,P06.07,6,7,P6.7,TRUE,(For <a href='#glossary-mobile'>mobile ecosystems</a>): Does the company <a href='#glossary-clearlydisclose'>clearly disclose</a> that it evaluates whether the <a href='#glossary-privacypolicies'>privacy policies</a> of <a href='#glossary-thirdparty'>third-party</a> <a href='#glossary-app'>apps</a> made available through its <a href='#glossary-appstore'>app store</a> state that all <a href='#glossary-userinformation'>user information</a> is deleted when users terminate their accounts or delete the <a href='#glossary-appstore'>app</a>?,NA,TRUE,telecom,TRUE,pda | search | email | messagingVoip | cloud | eCommerce | socialNetworkBlogs | photoVideo,NA
P,P06,P06.08,6,8,P6.8,FALSE,(For <a href='#glossary-personaldig'>personal digital assistant ecosystems</a>): Does the company <a href='#glossary-clearlydisclose'>clearly disclose</a> that it evaluates whether the <a href='#glossary-privacypolicies'>privacy policies</a> of <a href='#glossary-thirdparty'>third-party</a> <a href='#glossary-skills'>skills</a> made available through its <a href='#glossary-skillstore'>skill store</a> disclose how long they retain <a href='#glossary-userinformation'>user information</a>?,NA,TRUE,telecom,TRUE,search | email | messagingVoip | cloud | eCommerce | socialNetworkBlogs | photoVideo,NA
P,P06,P06.09,6,9,P6.9,FALSE,(For <a href='#glossary-personaldig'>personal digital assistant ecosystems</a>): Does the company <a href='#glossary-clearlydisclose'>clearly disclose</a> that it evaluates whether the <a href='#glossary-privacypolicies'>privacy policies</a> of <a href='#glossary-thirdparty'>third-party</a> <a href='#glossary-skills'>skills</a> made available through its <a href='#glossary-skillstore'>skill store</a> state that all <a href='#glossary-userinformation'>user information</a> is deleted when users terminate their accounts or delete the <a href='#glossary-skills'>skill</a>?,NA,TRUE,telecom,TRUE,search | email | messagingVoip | cloud | eCommerce | socialNetworkBlogs | photoVideo,NA
P,P07,P07.01,7,1,P7.1,TRUE,"For each type of <a href='#glossary-userinformation'>user information</a> the company <a href='#glossary-collect'>collects</a>, does the company <a href='#glossary-clearlydisclose'>clearly disclose</a> whether <a href='#glossary-user'>users</a> can control the company's <a href='#glossary-collect'>collect</a>ion of this <a href='#glossary-userinformation'>user information</a>?",NA,NA,NA,NA,NA,NA
P,P07,P07.02,7,2,P7.2,TRUE,"For each type of <a href='#glossary-userinformation'>user information</a> the company <a href='#glossary-collect'>collects</a>, does the company <a href='#glossary-clearlydisclose'>clearly disclose</a> whether <a href='#glossary-user'>users</a> can delete this <a href='#glossary-userinformation'>user information</a>?",NA,NA,NA,NA,NA,NA
P,P07,P07.03,7,3,P7.3,FALSE,"For each type of <a href='#glossary-userinformation'>user information</a> the company <a href='#glossary-datainf'>infers</a> on the basis of <a href='#glossary-collect'>collected</a> information, does the company <a href='#glossary-clearlydisclose'>clearly disclose</a> whether <a href='#glossary-user'>users</a> can control if the company can attempt to <a href='#glossary-datainf'>infer</a> this <a href='#glossary-userinformation'>user information</a>?",NA,NA,NA,NA,NA,NA
P,P07,P07.04,7,4,P7.4,FALSE,"For each type of <a href='#glossary-userinformation'>user information</a> the company <a href='#glossary-datainf'>infers</a> on the basis of <a href='#glossary-collect'>collected</a> information, does the company <a href='#glossary-clearlydisclose'>clearly disclose</a> whether <a href='#glossary-user'>users</a> can delete this <a href='#glossary-userinformation'>user information</a>?",NA,NA,NA,NA,NA,NA
P,P07,P07.05,7,5,P7.5,TRUE,Does the company <a href='#glossary-clearlydisclose'>clearly disclose</a> that it provides <a href='#glossary-user'>users</a> with <a href='#glossary-options'>options to control</a> how their <a href='#glossary-userinformation'>user information</a> is used for <a href='#glossary-targetedad'>targeted advertising</a>?,NA,NA,NA,NA,NA,NA
P,P07,P07.06,7,6,P7.6,TRUE,Does the company clearly disclose that targeted advertising is off by default?,NA,NA,NA,NA,NA,NA
P,P07,P07.07,7,7,P7.7,FALSE,Does the company <a href='#glossary-clearlydisclose'>clearly disclose</a> that it provides <a href='#glossary-user'>users</a> with <a href='#glossary-options'>options to control</a> how their <a href='#glossary-userinformation'>user information</a> is used for the development of <a href='#glossary-algsys'>algorithmic systems</a>?,NA,NA,NA,NA,NA,NA
P,P07,P07.08,7,8,P7.8,FALSE,"Does the company <a href='#glossary-clearlydisclose'>clearly disclose</a> whether it uses <a href='#glossary-userinformation'>user information</a> to develop <a href='#glossary-algsys'>algorithmic systems</a> by default, or not?",NA,NA,NA,NA,NA,NA
P,P07,P07.09,7,9,P7.9,TRUE,(For <a href='#glossary-mobile'>mobile ecosystems</a> and personal digital assistant ecosystems): Does the company <a href='#glossary-clearlydisclose'>clearly disclose</a> that it provides <a href='#glossary-user'>users</a> with <a href='#glossary-options'>options to control</a> the device's <a href='#glossary-geo'>geolocation</a> functions?,NA,TRUE,telecom,TRUE,search | email | messagingVoip | cloud | eCommerce | socialNetworkBlogs | photoVideo,NA
P,P08,P08.01,8,1,P8.1,TRUE,Does the company <a href='#glossary-clearlydisclose'>clearly disclose</a> that users can obtain a copy of their <a href='#glossary-userinformation'>user information</a>?,NA,NA,NA,NA,NA,NA
P,P08,P08.02,8,2,P8.2,TRUE,Does the company <a href='#glossary-clearlydisclose'>clearly disclose</a> what <a href='#glossary-userinformation'>user information</a> <a href='#glossary-user'>users</a> can obtain?,NA,NA,NA,NA,NA,NA
P,P08,P08.03,8,3,P8.3,TRUE,Does the company <a href='#glossary-clearlydisclose'>clearly disclose</a> that <a href='#glossary-user'>users</a> can obtain their <a href='#glossary-userinformation'>user information</a> in a structured data format?,NA,NA,NA,NA,NA,NA
P,P08,P08.04,8,4,P8.4,TRUE,Does the company <a href='#glossary-clearlydisclose'>clearly disclose</a> that <a href='#glossary-user'>users</a> can obtain all public-facing and private <a href='#glossary-userinformation'>user information</a> a company holds about them?,NA,NA,NA,NA,NA,NA
P,P08,P08.05,8,5,P8.5,FALSE,Does the company <a href='#glossary-clearlydisclose'>clearly disclose</a> that <a href='#glossary-user'>users</a> can access the list of <a href='#glossary-advertisingaudiencecategories'>advertising audience categories</a> to which the company has assigned them?,NA,NA,NA,NA,NA,NA
P,P08,P08.06,8,6,P8.6,FALSE,Does the company <a href='#glossary-clearlydisclose'>clearly disclose</a> that <a href='#glossary-user'>users</a> can obtain all the information that a company has <a href='#glossary-datainf'>infer</a>red about them?,NA,NA,NA,NA,NA,NA
P,P08,P08.07,8,7,P8.7,TRUE,(For <a href='#glossary-mobile'>mobile ecosystems</a>): Does the company <a href='#glossary-clearlydisclose'>clearly disclose</a> that it evaluates whether the <a href='#glossary-privacypolicies'>privacy policies</a> of <a href='#glossary-thirdparty'>third-party</a> <a href='#glossary-app'>apps</a> made available through its <a href='#glossary-appstore'>app store</a> disclose that <a href='#glossary-user'>users</a> can obtain all of the <a href='#glossary-userinformation'>user information</a> about them the app holds?,NA,TRUE,telecom,TRUE,pda | search | email | messagingVoip | cloud | eCommerce | socialNetworkBlogs | photoVideo,NA
P,P08,P08.08,8,8,P8.8,FALSE,(For <a href='#glossary-personaldig'>personal digital assistant ecosystems</a>): Does the company <a href='#glossary-clearlydisclose'>clearly disclose</a> that it evaluates whether the <a href='#glossary-privacypolicies'>privacy policies</a> of <a href='#glossary-thirdparty'>third-party</a> <a href='#glossary-skills'>skills</a> made available through its <a href='#glossary-skillstore'>skill store</a> state that all <a href='#glossary-userinformation'>user information</a> is deleted when <a href='#glossary-user'>users</a> terminate their accounts or delete the <a href='#glossary-skills'>skill</a>?,NA,TRUE,telecom,TRUE,search | email | messagingVoip | cloud | eCommerce | socialNetworkBlogs | photoVideo,NA
P,P09,P09.01,9,1,P9.1,TRUE,(For digital platforms) Does the company clearly disclose what <a href='#glossary-userinformation'>user information</a> it collects from third-party websites through <a href='#glossary-technicalmeans'>technical means</a>?,NA,TRUE,telecom,NA,NA,NA
P,P09,P09.02,9,2,P9.2,TRUE,(For digital platforms) Does the company clearly explain how it collects <a href='#glossary-userinformation'>user information</a> from <a href='#glossary-thirdparty'>third parties</a> through <a href='#glossary-technicalmeans'>technical means</a>?,NA,TRUE,telecom,NA,NA,NA
P,P09,P09.03,9,3,P9.3,TRUE,(For digital platforms) Does the company <a href='#glossary-clearlydisclose'>clearly disclose</a> its purpose for collecting <a href='#glossary-userinformation'>user information</a> from <a href='#glossary-thirdparty'>third parties</a> through <a href='#glossary-technicalmeans'>technical means</a>?,NA,TRUE,telecom,NA,NA,NA
P,P09,P09.04,9,4,P9.4,TRUE,(For digital platforms) Does the company <a href='#glossary-clearlydisclose'>clearly disclose</a> how long it retains the <a href='#glossary-userinformation'>user information</a> it collects from <a href='#glossary-thirdparty'>third parties</a> through <a href='#glossary-technicalmeans'>technical means</a>?,NA,TRUE,telecom,NA,NA,NA
P,P09,P09.05,9,5,P9.5,TRUE,(For digital platforms) Does the company <a href='#glossary-clearlydisclose'>clearly disclose</a> that it respects user-generated signals to opt out of data collection?,NA,TRUE,telecom,NA,NA,NA
P,P09,P09.06,9,6,P9.6,FALSE,Does the company <a href='#glossary-clearlydisclose'>clearly disclose</a> what <a href='#glossary-userinformation'>user information</a> it collects from <a href='#glossary-thirdparty'>third parties</a> through <a href='#glossary-nontech'>non-technical means</a>?,NA,NA,NA,NA,NA,NA
P,P09,P09.07,9,7,P9.7,FALSE,Does the company <a href='#glossary-clearlydisclose'>clearly disclose</a> how it collects <a href='#glossary-userinformation'>user information</a> from <a href='#glossary-thirdparty'>third parties</a> through <a href='#glossary-nontech'>non-technical means</a>?,NA,NA,NA,NA,NA,NA
P,P09,P09.08,9,8,P9.8,FALSE,Does the company <a href='#glossary-clearlydisclose'>clearly disclose</a> its purpose for collecting <a href='#glossary-userinformation'>user information</a> from <a href='#glossary-thirdparty'>third parties</a> through <a href='#glossary-nontech'>non-technical means</a>?,NA,NA,NA,NA,NA,NA
P,P09,P09.09,9,9,P9.9,FALSE,Does the company <a href='#glossary-clearlydisclose'>clearly disclose</a> how long it retains the <a href='#glossary-userinformation'>user information</a> it collects from third parties through <a href='#glossary-nontech'>non-technical means</a>?,NA,NA,NA,NA,NA,NA
P,P10a,P10a.01,10,1,P10a.1,TRUE,Does the company <a href='#glossary-clearlydisclose'>clearly disclose</a> its process for responding to <a href='#glossary-nonjudicial'>non-judicial government </a><a href='#glossary-nonjudicial'>demands</a>?,NA,NA,NA,NA,NA,NA
P,P10a,P10a.02,10,2,P10a.2,TRUE,Does the company <a href='#glossary-clearlydisclose'>clearly disclose</a> its process for responding to <a href='#glossary-courtorders'>court orders</a>?,NA,NA,NA,NA,NA,NA
P,P10a,P10a.03,10,3,P10a.3,TRUE,Does the company <a href='#glossary-clearlydisclose'>clearly disclose</a> its process for responding to <a href='#glossary-govdemands'>government demands</a> from foreign jurisdictions?,NA,NA,NA,NA,NA,NA
P,P10a,P10a.04,10,4,P10a.4,TRUE,Do the company's explanations <a href='#glossary-clearlydisclose'>clearly disclose</a> the legal basis under which it may comply with <a href='#glossary-govdemands'>government demands</a>?,NA,NA,NA,NA,NA,NA
P,P10a,P10a.05,10,5,P10a.5,TRUE,Does the company <a href='#glossary-clearlydisclose'>clearly disclose</a> that it carries out due diligence on <a href='#glossary-govdemands'>government demands</a> before deciding how to respond?,NA,NA,NA,NA,NA,NA
P,P10a,P10a.06,10,6,P10a.6,TRUE,Does the company commit to push back on inappropriate or overbroad <a href='#glossary-govdemands'>government demands</a>?,NA,NA,NA,NA,NA,NA
P,P10a,P10a.07,10,7,P10a.7,TRUE,Does the company provide clear guidance or examples of implementation of its process for <a href='#glossary-govdemands'>government demands</a>?,NA,NA,NA,NA,NA,NA
P,P10b,P10b.01,10,1,P10b.1,TRUE,Does the company <a href='#glossary-clearlydisclose'>clearly disclose</a> its process for responding to requests made through <a href='#glossary-privateprocesses'>private processes</a>?,NA,NA,NA,NA,NA,NA
P,P10b,P10b.02,10,2,P10b.2,TRUE,Do the company's explanations <a href='#glossary-clearlydisclose'>clearly disclose</a> the basis under which it may comply with requests made through <a href='#glossary-privateprocesses'>private processes</a>?,NA,NA,NA,NA,NA,NA
P,P10b,P10b.03,10,3,P10b.3,TRUE,Does the company <a href='#glossary-clearlydisclose'>clearly disclose</a> that it carries out due diligence on requests made through <a href='#glossary-privateprocesses'>private processes</a> before deciding how to respond?,NA,NA,NA,NA,NA,NA
P,P10b,P10b.04,10,4,P10b.4,TRUE,Does the company commit to push back on inappropriate or overbroad requests made through <a href='#glossary-privateprocesses'>private processes</a>?,NA,NA,NA,NA,NA,NA
P,P10b,P10b.05,10,5,P10b.5,TRUE,Does the company provide clear guidance or examples of implementation of its process of responding to requests made through <a href='#glossary-privateprocesses'>private processes</a>?,NA,NA,NA,NA,NA,NA
P,P11a,P11a.01,11,1,P11a.1,TRUE,Does the company list the number of <a href='#glossary-govdemands'>government</a><a href='#glossary-govdemands'> demands</a> it receives by country?,NA,NA,NA,NA,NA,NA
P,P11a,P11a.02,11,2,P11a.2,TRUE,Does the company list the number of <a href='#glossary-govdemands'>government</a><a href='#glossary-govdemands'> demands</a> it receives for stored user information and for <a href='#glossary-realtime'>real-time communications access</a>?,NA,NA,NA,NA,NA,NA
P,P11a,P11a.03,11,3,P11a.3,TRUE,Does the company list the number of accounts affected?,NA,NA,NA,NA,NA,NA
P,P11a,P11a.04,11,4,P11a.4,TRUE,Does the company list whether a demand sought communications <a href='#glossary-content'>content</a> or <a href='#glossary-noncontent'>non-content</a> or both?,NA,NA,NA,NA,NA,NA
P,P11a,P11a.05,11,5,P11a.5,TRUE,Does the company identify the specific legal authority or type of legal process through which law enforcement and national security demands are made?,NA,NA,NA,NA,NA,NA
P,P11a,P11a.06,11,6,P11a.6,TRUE,Does the company include <a href='#glossary-govdemands'>government</a><a href='#glossary-govdemands'> demands</a> that come from <a href='#glossary-courtorders'>court orders</a>?,NA,NA,NA,NA,NA,NA
P,P11a,P11a.07,11,7,P11a.7,TRUE,"Does the company list the number of <a href='#glossary-govdemands'>government</a><a href='#glossary-govdemands'> demands</a> it complied with, broken down by category of demand?",NA,NA,NA,NA,NA,NA
P,P11a,P11a.08,11,8,P11a.8,TRUE,Does the company list what types of <a href='#glossary-govdemands'>government</a><a href='#glossary-govdemands'> demands</a> it is prohibited by law from disclosing?,NA,NA,NA,NA,NA,NA
P,P11a,P11a.09,11,9,P11a.9,TRUE,Does the company report this data at least once per year?,NA,NA,NA,NA,NA,NA
P,P11a,P11a.10,11,10,P11a.10,TRUE,Can the data reported by the company be exported as a <a href='https://www.google.com/url?q=https://rankingdigitalrights.org/2019-indicators/%23structureddata&amp;sa=D&amp;ust=1591114490465000'>structured data</a> file?,NA,NA,NA,NA,NA,NA
P,P11b,P11b.01,11,1,P11b.1,TRUE,Does the company list the number of requests it receives for <a href='#glossary-userinformation'>user information</a> that come through <a href='#glossary-privateprocesses'>private processes</a>?,NA,NA,NA,NA,NA,NA
P,P11b,P11b.02,11,2,P11b.2,FALSE,Does the company list the number of requests for <a href='#glossary-userinformation'>user information</a> that come through <a href='#glossary-privateprocesses'>private </a><a href='#glossary-privateprocesses'>processes</a> with which it complied?,NA,NA,NA,NA,NA,NA
P,P11b,P11b.03,11,3,P11b.3,FALSE,Does the company report this data at least once per year?,NA,NA,NA,NA,NA,NA
P,P11b,P11b.04,11,4,P11b.4,FALSE,Can the data reported by the company be exported as a <a href='#glossary-structureddata'>structured data</a> file?,NA,NA,NA,NA,NA,NA
P,P12,P12.01,12,1,P12.1,TRUE,Does the company <a href='#glossary-clearlydisclose'>clearly disclose</a> that it notifies users when <a href='#glossary-govdemands'>government entities (including courts or other judicial bodies)</a> <a href='https://docs.google.com/document/d/1csFnne1LyCLP1TMylmugABL8RUn9PGVIf49z0tKMtz0/edit#bookmark=id.w0ipnpr2810d'>demand</a> their <a href='#glossary-userinformation'>user information</a>?,NA,NA,NA,NA,NA,NA
P,P12,P12.02,12,2,P12.2,TRUE,Does the company <a href='#glossary-clearlydisclose'>clearly disclose</a> that it <a href='#glossary-notice'>notifies</a> users when they receive requests for their <a href='#glossary-userinformation'>user information</a> through <a href='#glossary-privateprocesses'>private processes</a>?,NA,NA,NA,NA,NA,NA
P,P12,P12.03,12,3,P12.3,TRUE,"Does the company <a href='#glossary-clearlydisclose'>clearly disclose</a> situations when it might not <a href='#glossary-notice'>notify</a> users, including a description of the types of <a href='#glossary-govdemands'>government demands</a> it is prohibited by law from disclosing to users?",NA,NA,NA,NA,NA,NA
P,P13,P13.01,13,1,P13.1,TRUE,Does the company <a href='#glossary-clearlydisclose'>clearly disclose</a> that it has systems in place to limit and monitor employee access to <a href='#glossary-userinformation'>user information</a>?,NA,NA,NA,NA,NA,NA
P,P13,P13.02,13,2,P13.2,TRUE,Does the company <a href='#glossary-clearlydisclose'>clearly disclose</a> that it has a security team that conducts security audits on the company's products and services?,NA,NA,NA,NA,NA,NA
P,P13,P13.03,13,3,P13.3,TRUE,Does the company <a href='#glossary-clearlydisclose'>clearly disclose</a> that it commissions third-party security audits on its products and services?,NA,NA,NA,NA,NA,NA
P,P14,P14.01,14,1,P14.1,TRUE,Does the company <a href='#glossary-clearlydisclose'>clearly disclose</a> that it has a mechanism through which <a href='#glossary-securityresearcher'>security researchers</a> can submit <a href='#glossary-securityvulnerability'>vulnerabilities</a> they discover?,NA,NA,NA,NA,NA,NA
P,P14,P14.02,14,2,P14.2,TRUE,Does the company <a href='#glossary-clearlydisclose'>clearly disclose</a> the timeframe in which it will review reports of <a href='#glossary-securityvulnerability'>vulnerabilities</a>?,NA,NA,NA,NA,NA,NA
P,P14,P14.03,14,3,P14.3,TRUE,Does the company commit not to pursue legal action against <a href='#glossary-securityresearcher'>researchers</a> who report <a href='#glossary-securityvulnerability'>vulnerabilities</a> within the terms of the company's reporting mechanism?,NA,NA,NA,NA,NA,NA
P,P14,P14.04,14,4,P14.4,TRUE,"(For mobile ecosystems and <a href='#glossary-personaldig'>personal digital assistant ecosystems</a>) Does the company <a href='#glossary-clearlydisclose'>clearly disclose</a> that <a href='#glossary-softwareupdate'>software updates</a>, security <a href='#glossary-patch'>patches</a>, add-ons, or extensions are downloaded over an <a href='#glossary-encryption'>encrypted</a> channel?",NA,TRUE,telecom,TRUE,search | email | messagingVoip | cloud | eCommerce | socialNetworkBlogs | photoVideo,NA
P,P14,P14.05,14,5,P14.5,TRUE,"(For mobile ecosystems and telecommunications companies) Does the company <a href='#glossary-clearlydisclose'>clearly disclose</a> what, if any, <a href='#glossary-modifications'>modifications</a> it has made to a <a href='#glossary-os'>mobile operating system</a>?",NA,NA,NA,TRUE,broadband | search | email | messagingVoip | cloud | eCommerce | pda | socialNetworkBlogs | photoVideo,NA
P,P14,P14.06,14,6,P14.6,TRUE,"(For mobile ecosystems, <a href='#glossary-personaldig'>personal digital assistant ecosystems</a>, and telecommunications companies) Does the company <a href='#glossary-clearlydisclose'>clearly disclose</a> what, if any, effect such modifications have on the company's ability to send <a href='#glossary-securityupdate'>security updates</a> to users?",NA,NA,NA,TRUE,broadband | search | email | messagingVoip | cloud | eCommerce | socialNetworkBlogs | photoVideo,NA
P,P14,P14.07,14,7,P14.7,TRUE,(For mobile ecosystems and <a href='#glossary-personaldig'>personal digital assistant ecosystems</a>) Does the company <a href='#glossary-clearlydisclose'>clearly disclose</a> the date through which it will continue to provide <a href='#glossary-securityupdate'>security updates</a> for the <a href='#glossary-device'>device/OS</a>?,NA,TRUE,telecom,TRUE,search | email | messagingVoip | cloud | eCommerce | socialNetworkBlogs | photoVideo,NA
P,P14,P14.08,14,8,P14.8,TRUE,(For mobile ecosystems and <a href='#glossary-personaldig'>personal digital assistant ecosystems</a>) Does the company commit to provide <a href='#glossary-securityupdate'>security updates</a> for the operating system and other critical software for a minimum of five years after release?,NA,TRUE,telecom,TRUE,search | email | messagingVoip | cloud | eCommerce | socialNetworkBlogs | photoVideo,NA
P,P14,P14.09,14,9,P14.9,TRUE,"(For mobile ecosystems, <a href='#glossary-personaldig'>personal digital assistant ecosystems</a>, and telecommunications companies) If the company uses an operating system adapted from an existing system, does the company commit to provide security <a href='#glossary-patch'>patches</a> within one month of a <a href='#glossary-securityvulnerability'>vulnerability</a> being announced to the public?",NA,NA,NA,TRUE,broadband | search | email | messagingVoip | cloud | eCommerce | socialNetworkBlogs | photoVideo,NA
P,P14,P14.10,14,10,P14.10,FALSE,"(For <a href='#glossary-personaldig'>personal digital assistant ecosystems</a>): Does the company <a href='#glossary-clearlydisclose'>clearly disclose</a> what, if any, modifications it has made to a personal digital assistant operating system?",NA,TRUE,telecom,TRUE,search | email | messagingVoip | cloud | eCommerce | socialNetworkBlogs | photoVideo,NA
P,P14,P14.11,14,11,P14.11,FALSE,"(For <a href='#glossary-personaldig'>personal digital assistant ecosystems</a>): Does the company <a href='#glossary-clearlydisclose'>clearly disclose</a> what, if any, effect such modifications have on the company's ability to send security updates to users?",NA,TRUE,telecom,TRUE,search | email | messagingVoip | cloud | eCommerce | socialNetworkBlogs | photoVideo,NA
P,P15,P15.01,15,1,P15.1,TRUE,Does the company <a href='#glossary-clearlydisclose'>clearly disclose</a> that it will notify the relevant authorities without undue delay when a <a href='#glossary-databreach'>data breach</a> occurs?,NA,NA,NA,NA,NA,NA
P,P15,P15.02,15,2,P15.2,TRUE,Does the company <a href='#glossary-clearlydisclose'>clearly disclose</a> its process for <a href='#glossary-notice'>notifying</a> data subjects who might be affected by a <a href='#glossary-databreach'>data breach</a>?,NA,NA,NA,NA,NA,NA
P,P15,P15.03,15,3,P15.3,TRUE,Does the company <a href='#glossary-clearlydisclose'>clearly disclose</a> what kinds of steps it will take to address the impact of a <a href='#glossary-databreach'>data breach</a> on its users?,NA,NA,NA,NA,NA,NA
P,P16,P16.01,16,1,P16.1,TRUE,Does the company <a href='#glossary-clearlydisclose'>clearly disclose</a> that the transmission of user communications is <a href='#glossary-encryption'>encrypted</a> by default?,NA,NA,NA,NA,NA,NA
P,P16,P16.02,16,2,P16.2,TRUE,Does the company <a href='#glossary-clearlydisclose'>clearly disclose</a> that transmissions of user communications are <a href='#glossary-encryption'>encrypted</a> using unique keys?,NA,NA,NA,NA,NA,NA
P,P16,P16.03,16,3,P16.3,TRUE,"Does the company <a href='#glossary-clearlydisclose'>clearly disclose</a> that users can secure their private content using <a href='#glossary-endtoend'>end-to-end encryption</a>, or <a href='#glossary-fulldisk'>full-disk encryption</a> (where applicable)?",NA,NA,NA,NA,NA,NA
P,P16,P16.04,16,4,P16.4,TRUE,"Does the company <a href='#glossary-clearlydisclose'>clearly disclose</a> that <a href='#glossary-endtoend'>end-to-end encryption</a>, or <a href='#glossary-fulldisk'>full-disk encryption</a>, is enabled by default?",NA,NA,NA,NA,NA,NA
P,P17,P17.01,17,1,P17.1,TRUE,Does the company <a href='#glossary-clearlydisclose'>clearly disclose</a> that it deploys advanced authentication methods to prevent fraudulent access?,NA,NA,NA,NA,NA,NA
P,P17,P17.02,17,2,P17.2,TRUE,Does the company <a href='#glossary-clearlydisclose'>clearly disclose</a> that users can view their recent account activity?,NA,NA,NA,NA,NA,NA
P,P17,P17.03,17,3,P17.3,TRUE,Does the company <a href='#glossary-clearlydisclose'>clearly disclose</a> that it <a href='#glossary-notice'>notifies</a> <a href='#glossary-user'>users</a> about unusual account activity and possible unauthorized access to their accounts?,NA,NA,NA,NA,NA,NA
P,P18,P18.01,18,1,P18.1,TRUE,Does the company publish practical materials that educate users on how to protect themselves from <a href='#glossary-cyberrisks'>cybersecurity risks</a> relevant to their products or services?,NA,NA,NA,NA,NA,NA
