Index,Company,Category,Indicator,IndicatorNr,IndicatorSuffix,Score,Score_Adjusted
2019,Alibaba,G,G01,1,NA,NA,NA
2019,Alibaba,G,G02,2,NA,NA,NA
2019,Alibaba,G,G03,3,NA,NA,NA
2019,Alibaba,G,G04a,4,a,NA,NA
2019,Alibaba,G,G04b,4,b,NA,NA
2019,Alibaba,G,G04c,4,c,NA,NA
2019,Alibaba,G,G04d,4,d,NA,NA
2019,Alibaba,G,G04e,4,e,NA,NA
2019,Alibaba,G,G05,5,NA,NA,NA
2019,Alibaba,G,G06a,6,a,NA,NA
2019,Alibaba,G,G06b,6,b,NA,NA
2019,Alibaba,F,F01a,1,a,NA,NA
2019,Alibaba,F,F01b,1,b,NA,NA
2019,Alibaba,F,F01c,1,c,NA,NA
2019,Alibaba,F,F01d,1,d,NA,NA
2019,Alibaba,F,F02a,2,a,NA,NA
2019,Alibaba,F,F02b,2,b,NA,NA
2019,Alibaba,F,F02c,2,c,NA,NA
2019,Alibaba,F,F02d,2,d,NA,NA
2019,Alibaba,F,F03a,3,a,NA,NA
2019,Alibaba,F,F03b,3,b,NA,NA
2019,Alibaba,F,F03c,3,c,NA,NA
2019,Alibaba,F,F04a,4,a,NA,NA
2019,Alibaba,F,F04b,4,b,NA,NA
2019,Alibaba,F,F04c,4,c,NA,NA
2019,Alibaba,F,F05a,5,a,NA,NA
2019,Alibaba,F,F05b,5,b,NA,NA
2019,Alibaba,F,F06,6,NA,NA,NA
2019,Alibaba,F,F07,7,NA,NA,NA
2019,Alibaba,F,F08,8,NA,NA,NA
2019,Alibaba,F,F09,9,NA,NA,NA
2019,Alibaba,F,F10,10,NA,NA,NA
2019,Alibaba,F,F11,11,NA,NA,NA
2019,Alibaba,F,F12,12,NA,NA,NA
2019,Alibaba,F,F13,13,NA,NA,NA
2019,Alibaba,P,P01a,1,a,NA,NA
2019,Alibaba,P,P01b,1,b,NA,NA
2019,Alibaba,P,P02a,2,a,NA,NA
2019,Alibaba,P,P02b,2,b,NA,NA
2019,Alibaba,P,P03a,3,a,NA,NA
2019,Alibaba,P,P03b,3,b,NA,NA
2019,Alibaba,P,P04,4,NA,NA,NA
2019,Alibaba,P,P05,5,NA,NA,NA
2019,Alibaba,P,P06,6,NA,NA,NA
2019,Alibaba,P,P07,7,NA,NA,NA
2019,Alibaba,P,P08,8,NA,NA,NA
2019,Alibaba,P,P09,9,NA,NA,NA
2019,Alibaba,P,P10a,10,a,NA,NA
2019,Alibaba,P,P10b,10,b,NA,NA
2019,Alibaba,P,P11a,11,a,NA,NA
2019,Alibaba,P,P11b,11,b,NA,NA
2019,Alibaba,P,P12,12,NA,NA,NA
2019,Alibaba,P,P13,13,NA,NA,NA
2019,Alibaba,P,P14,14,NA,NA,NA
2019,Alibaba,P,P15,15,NA,NA,NA
2019,Alibaba,P,P16,16,NA,NA,NA
2019,Alibaba,P,P17,17,NA,NA,NA
2019,Alibaba,P,P18,18,NA,NA,NA
2019,Amazon,G,G01,1,NA,NA,NA
2019,Amazon,G,G02,2,NA,NA,NA
2019,Amazon,G,G03,3,NA,NA,NA
2019,Amazon,G,G04a,4,a,NA,NA
2019,Amazon,G,G04b,4,b,NA,NA
2019,Amazon,G,G04c,4,c,NA,NA
2019,Amazon,G,G04d,4,d,NA,NA
2019,Amazon,G,G04e,4,e,NA,NA
2019,Amazon,G,G05,5,NA,NA,NA
2019,Amazon,G,G06a,6,a,NA,NA
2019,Amazon,G,G06b,6,b,NA,NA
2019,Amazon,F,F01a,1,a,NA,NA
2019,Amazon,F,F01b,1,b,NA,NA
2019,Amazon,F,F01c,1,c,NA,NA
2019,Amazon,F,F01d,1,d,NA,NA
2019,Amazon,F,F02a,2,a,NA,NA
2019,Amazon,F,F02b,2,b,NA,NA
2019,Amazon,F,F02c,2,c,NA,NA
2019,Amazon,F,F02d,2,d,NA,NA
2019,Amazon,F,F03a,3,a,NA,NA
2019,Amazon,F,F03b,3,b,NA,NA
2019,Amazon,F,F03c,3,c,NA,NA
2019,Amazon,F,F04a,4,a,NA,NA
2019,Amazon,F,F04b,4,b,NA,NA
2019,Amazon,F,F04c,4,c,NA,NA
2019,Amazon,F,F05a,5,a,NA,NA
2019,Amazon,F,F05b,5,b,NA,NA
2019,Amazon,F,F06,6,NA,NA,NA
2019,Amazon,F,F07,7,NA,NA,NA
2019,Amazon,F,F08,8,NA,NA,NA
2019,Amazon,F,F09,9,NA,NA,NA
2019,Amazon,F,F10,10,NA,NA,NA
2019,Amazon,F,F11,11,NA,NA,NA
2019,Amazon,F,F12,12,NA,NA,NA
2019,Amazon,F,F13,13,NA,NA,NA
2019,Amazon,P,P01a,1,a,NA,NA
2019,Amazon,P,P01b,1,b,NA,NA
2019,Amazon,P,P02a,2,a,NA,NA
2019,Amazon,P,P02b,2,b,NA,NA
2019,Amazon,P,P03a,3,a,NA,NA
2019,Amazon,P,P03b,3,b,NA,NA
2019,Amazon,P,P04,4,NA,NA,NA
2019,Amazon,P,P05,5,NA,NA,NA
2019,Amazon,P,P06,6,NA,NA,NA
2019,Amazon,P,P07,7,NA,NA,NA
2019,Amazon,P,P08,8,NA,NA,NA
2019,Amazon,P,P09,9,NA,NA,NA
2019,Amazon,P,P10a,10,a,NA,NA
2019,Amazon,P,P10b,10,b,NA,NA
2019,Amazon,P,P11a,11,a,NA,NA
2019,Amazon,P,P11b,11,b,NA,NA
2019,Amazon,P,P12,12,NA,NA,NA
2019,Amazon,P,P13,13,NA,NA,NA
2019,Amazon,P,P14,14,NA,NA,NA
2019,Amazon,P,P15,15,NA,NA,NA
2019,Amazon,P,P16,16,NA,NA,NA
2019,Amazon,P,P17,17,NA,NA,NA
2019,Amazon,P,P18,18,NA,NA,NA
2019,AmericaMovil,G,G01,1,NA,100,100
2019,AmericaMovil,G,G02,2,NA,0,0
2019,AmericaMovil,G,G03,3,NA,87.5,87.5
2019,AmericaMovil,G,G04a,4,a,0,0
2019,AmericaMovil,G,G04b,4,b,0,0
2019,AmericaMovil,G,G04c,4,c,0,0
2019,AmericaMovil,G,G04d,4,d,0,0
2019,AmericaMovil,G,G04e,4,e,NA,NA
2019,AmericaMovil,G,G05,5,NA,0,0
2019,AmericaMovil,G,G06a,6,a,38.89,38.89
2019,AmericaMovil,G,G06b,6,b,NA,NA
2019,AmericaMovil,F,F01a,1,a,66.67,66.67
2019,AmericaMovil,F,F01b,1,b,NA,NA
2019,AmericaMovil,F,F01c,1,c,NA,NA
2019,AmericaMovil,F,F01d,1,d,NA,NA
2019,AmericaMovil,F,F02a,2,a,50,50
2019,AmericaMovil,F,F02b,2,b,NA,NA
2019,AmericaMovil,F,F02c,2,c,NA,NA
2019,AmericaMovil,F,F02d,2,d,NA,NA
2019,AmericaMovil,F,F03a,3,a,83.33,83.33
2019,AmericaMovil,F,F03b,3,b,NA,NA
2019,AmericaMovil,F,F03c,3,c,NA,NA
2019,AmericaMovil,F,F04a,4,a,NA,NA
2019,AmericaMovil,F,F04b,4,b,NA,NA
2019,AmericaMovil,F,F04c,4,c,NA,NA
2019,AmericaMovil,F,F05a,5,a,0,0
2019,AmericaMovil,F,F05b,5,b,0,0
2019,AmericaMovil,F,F06,6,NA,0,0
2019,AmericaMovil,F,F07,7,NA,0,0
2019,AmericaMovil,F,F08,8,NA,0,0
2019,AmericaMovil,F,F09,9,NA,25,25
2019,AmericaMovil,F,F10,10,NA,0,0
2019,AmericaMovil,F,F11,11,NA,0,0
2019,AmericaMovil,F,F12,12,NA,NA,NA
2019,AmericaMovil,F,F13,13,NA,NA,NA
2019,AmericaMovil,P,P01a,1,a,83.33,83.33
2019,AmericaMovil,P,P01b,1,b,NA,NA
2019,AmericaMovil,P,P02a,2,a,0,0
2019,AmericaMovil,P,P02b,2,b,NA,NA
2019,AmericaMovil,P,P03a,3,a,16.67,16.67
2019,AmericaMovil,P,P03b,3,b,NA,NA
2019,AmericaMovil,P,P04,4,NA,50,50
2019,AmericaMovil,P,P05,5,NA,37.5,37.5
2019,AmericaMovil,P,P06,6,NA,0,0
2019,AmericaMovil,P,P07,7,NA,25,25
2019,AmericaMovil,P,P08,8,NA,12.5,12.5
2019,AmericaMovil,P,P09,9,NA,NA,NA
2019,AmericaMovil,P,P10a,10,a,7.14,7.14
2019,AmericaMovil,P,P10b,10,b,0,0
2019,AmericaMovil,P,P11a,11,a,0,0
2019,AmericaMovil,P,P11b,11,b,0,0
2019,AmericaMovil,P,P12,12,NA,0,0
2019,AmericaMovil,P,P13,13,NA,66.67,66.67
2019,AmericaMovil,P,P14,14,NA,0,0
2019,AmericaMovil,P,P15,15,NA,0,0
2019,AmericaMovil,P,P16,16,NA,NA,NA
2019,AmericaMovil,P,P17,17,NA,NA,NA
2019,AmericaMovil,P,P18,18,NA,100,100
2019,Apple,G,G01,1,NA,50,50
2019,Apple,G,G02,2,NA,50,50
2019,Apple,G,G03,3,NA,50,50
2019,Apple,G,G04a,4,a,41.67,41.67
2019,Apple,G,G04b,4,b,0,0
2019,Apple,G,G04c,4,c,0,0
2019,Apple,G,G04d,4,d,0,0
2019,Apple,G,G04e,4,e,NA,NA
2019,Apple,G,G05,5,NA,0,0
2019,Apple,G,G06a,6,a,20.37,20.37
2019,Apple,G,G06b,6,b,NA,NA
2019,Apple,F,F01a,1,a,61.11,61.11
2019,Apple,F,F01b,1,b,NA,NA
2019,Apple,F,F01c,1,c,NA,NA
2019,Apple,F,F01d,1,d,NA,NA
2019,Apple,F,F02a,2,a,16.67,16.67
2019,Apple,F,F02b,2,b,NA,NA
2019,Apple,F,F02c,2,c,NA,NA
2019,Apple,F,F02d,2,d,NA,NA
2019,Apple,F,F03a,3,a,57.78,57.78
2019,Apple,F,F03b,3,b,NA,NA
2019,Apple,F,F03c,3,c,NA,NA
2019,Apple,F,F04a,4,a,NA,NA
2019,Apple,F,F04b,4,b,NA,NA
2019,Apple,F,F04c,4,c,NA,NA
2019,Apple,F,F05a,5,a,100,100
2019,Apple,F,F05b,5,b,16.67,16.67
2019,Apple,F,F06,6,NA,46.67,46.67
2019,Apple,F,F07,7,NA,0,0
2019,Apple,F,F08,8,NA,12.5,12.5
2019,Apple,F,F09,9,NA,NA,NA
2019,Apple,F,F10,10,NA,NA,NA
2019,Apple,F,F11,11,NA,50,50
2019,Apple,F,F12,12,NA,NA,NA
2019,Apple,F,F13,13,NA,NA,NA
2019,Apple,P,P01a,1,a,100,100
2019,Apple,P,P01b,1,b,NA,NA
2019,Apple,P,P02a,2,a,11.67,11.67
2019,Apple,P,P02b,2,b,NA,NA
2019,Apple,P,P03a,3,a,28.89,28.89
2019,Apple,P,P03b,3,b,NA,NA
2019,Apple,P,P04,4,NA,44.44,44.44
2019,Apple,P,P05,5,NA,50,50
2019,Apple,P,P06,6,NA,12.38,12.38
2019,Apple,P,P07,7,NA,41.67,41.67
2019,Apple,P,P08,8,NA,46.67,46.67
2019,Apple,P,P09,9,NA,100,100
2019,Apple,P,P10a,10,a,100,100
2019,Apple,P,P10b,10,b,0,0
2019,Apple,P,P11a,11,a,80,80
2019,Apple,P,P11b,11,b,0,0
2019,Apple,P,P12,12,NA,66.67,66.67
2019,Apple,P,P13,13,NA,66.67,66.67
2019,Apple,P,P14,14,NA,27.78,27.78
2019,Apple,P,P15,15,NA,50,50
2019,Apple,P,P16,16,NA,79.17,79.17
2019,Apple,P,P17,17,NA,83.33,83.33
2019,Apple,P,P18,18,NA,100,100
2019,ATT,G,G01,1,NA,100,100
2019,ATT,G,G02,2,NA,100,100
2019,ATT,G,G03,3,NA,87.5,87.5
2019,ATT,G,G04a,4,a,33.33,33.33
2019,ATT,G,G04b,4,b,0,0
2019,ATT,G,G04c,4,c,0,0
2019,ATT,G,G04d,4,d,0,0
2019,ATT,G,G04e,4,e,NA,NA
2019,ATT,G,G05,5,NA,50,50
2019,ATT,G,G06a,6,a,33.33,33.33
2019,ATT,G,G06b,6,b,NA,NA
2019,ATT,F,F01a,1,a,83.33,83.33
2019,ATT,F,F01b,1,b,NA,NA
2019,ATT,F,F01c,1,c,NA,NA
2019,ATT,F,F01d,1,d,NA,NA
2019,ATT,F,F02a,2,a,28.13,28.13
2019,ATT,F,F02b,2,b,NA,NA
2019,ATT,F,F02c,2,c,NA,NA
2019,ATT,F,F02d,2,d,NA,NA
2019,ATT,F,F03a,3,a,71.67,71.67
2019,ATT,F,F03b,3,b,NA,NA
2019,ATT,F,F03c,3,c,NA,NA
2019,ATT,F,F04a,4,a,NA,NA
2019,ATT,F,F04b,4,b,NA,NA
2019,ATT,F,F04c,4,c,NA,NA
2019,ATT,F,F05a,5,a,85.71,85.71
2019,ATT,F,F05b,5,b,30,30
2019,ATT,F,F06,6,NA,20,20
2019,ATT,F,F07,7,NA,0,0
2019,ATT,F,F08,8,NA,33.33,33.33
2019,ATT,F,F09,9,NA,50,50
2019,ATT,F,F10,10,NA,12.5,12.5
2019,ATT,F,F11,11,NA,100,100
2019,ATT,F,F12,12,NA,NA,NA
2019,ATT,F,F13,13,NA,NA,NA
2019,ATT,P,P01a,1,a,100,100
2019,ATT,P,P01b,1,b,NA,NA
2019,ATT,P,P02a,2,a,37.5,37.5
2019,ATT,P,P02b,2,b,NA,NA
2019,ATT,P,P03a,3,a,50,50
2019,ATT,P,P03b,3,b,NA,NA
2019,ATT,P,P04,4,NA,37.5,37.5
2019,ATT,P,P05,5,NA,37.5,37.5
2019,ATT,P,P06,6,NA,10,10
2019,ATT,P,P07,7,NA,25,25
2019,ATT,P,P08,8,NA,68.75,68.75
2019,ATT,P,P09,9,NA,NA,NA
2019,ATT,P,P10a,10,a,100,100
2019,ATT,P,P10b,10,b,0,0
2019,ATT,P,P11a,11,a,70,70
2019,ATT,P,P11b,11,b,0,0
2019,ATT,P,P12,12,NA,0,0
2019,ATT,P,P13,13,NA,100,100
2019,ATT,P,P14,14,NA,25,25
2019,ATT,P,P15,15,NA,16.67,16.67
2019,ATT,P,P16,16,NA,NA,NA
2019,ATT,P,P17,17,NA,NA,NA
2019,ATT,P,P18,18,NA,100,100
2019,Axiata,G,G01,1,NA,0,0
2019,Axiata,G,G02,2,NA,33.33,33.33
2019,Axiata,G,G03,3,NA,12.5,12.5
2019,Axiata,G,G04a,4,a,0,0
2019,Axiata,G,G04b,4,b,0,0
2019,Axiata,G,G04c,4,c,0,0
2019,Axiata,G,G04d,4,d,0,0
2019,Axiata,G,G04e,4,e,NA,NA
2019,Axiata,G,G05,5,NA,0,0
2019,Axiata,G,G06a,6,a,11.11,11.11
2019,Axiata,G,G06b,6,b,NA,NA
2019,Axiata,F,F01a,1,a,66.67,66.67
2019,Axiata,F,F01b,1,b,NA,NA
2019,Axiata,F,F01c,1,c,NA,NA
2019,Axiata,F,F01d,1,d,NA,NA
2019,Axiata,F,F02a,2,a,0,0
2019,Axiata,F,F02b,2,b,NA,NA
2019,Axiata,F,F02c,2,c,NA,NA
2019,Axiata,F,F02d,2,d,NA,NA
2019,Axiata,F,F03a,3,a,33.33,33.33
2019,Axiata,F,F03b,3,b,NA,NA
2019,Axiata,F,F03c,3,c,NA,NA
2019,Axiata,F,F04a,4,a,NA,NA
2019,Axiata,F,F04b,4,b,NA,NA
2019,Axiata,F,F04c,4,c,NA,NA
2019,Axiata,F,F05a,5,a,0,0
2019,Axiata,F,F05b,5,b,0,0
2019,Axiata,F,F06,6,NA,0,0
2019,Axiata,F,F07,7,NA,0,0
2019,Axiata,F,F08,8,NA,0,0
2019,Axiata,F,F09,9,NA,50,50
2019,Axiata,F,F10,10,NA,6.25,6.25
2019,Axiata,F,F11,11,NA,0,0
2019,Axiata,F,F12,12,NA,NA,NA
2019,Axiata,F,F13,13,NA,NA,NA
2019,Axiata,P,P01a,1,a,66.67,66.67
2019,Axiata,P,P01b,1,b,NA,NA
2019,Axiata,P,P02a,2,a,25,25
2019,Axiata,P,P02b,2,b,NA,NA
2019,Axiata,P,P03a,3,a,33.33,33.33
2019,Axiata,P,P03b,3,b,NA,NA
2019,Axiata,P,P04,4,NA,25,25
2019,Axiata,P,P05,5,NA,37.5,37.5
2019,Axiata,P,P06,6,NA,0,0
2019,Axiata,P,P07,7,NA,0,0
2019,Axiata,P,P08,8,NA,0,0
2019,Axiata,P,P09,9,NA,NA,NA
2019,Axiata,P,P10a,10,a,0,0
2019,Axiata,P,P10b,10,b,0,0
2019,Axiata,P,P11a,11,a,0,0
2019,Axiata,P,P11b,11,b,0,0
2019,Axiata,P,P12,12,NA,0,0
2019,Axiata,P,P13,13,NA,50,50
2019,Axiata,P,P14,14,NA,0,0
2019,Axiata,P,P15,15,NA,0,0
2019,Axiata,P,P16,16,NA,NA,NA
2019,Axiata,P,P17,17,NA,NA,NA
2019,Axiata,P,P18,18,NA,0,0
2019,Baidu,G,G01,1,NA,25,25
2019,Baidu,G,G02,2,NA,0,0
2019,Baidu,G,G03,3,NA,12.5,12.5
2019,Baidu,G,G04a,4,a,0,0
2019,Baidu,G,G04b,4,b,0,0
2019,Baidu,G,G04c,4,c,0,0
2019,Baidu,G,G04d,4,d,0,0
2019,Baidu,G,G04e,4,e,NA,NA
2019,Baidu,G,G05,5,NA,0,0
2019,Baidu,G,G06a,6,a,7.41,7.41
2019,Baidu,G,G06b,6,b,NA,NA
2019,Baidu,F,F01a,1,a,72.22,72.22
2019,Baidu,F,F01b,1,b,NA,NA
2019,Baidu,F,F01c,1,c,NA,NA
2019,Baidu,F,F01d,1,d,NA,NA
2019,Baidu,F,F02a,2,a,0,0
2019,Baidu,F,F02b,2,b,NA,NA
2019,Baidu,F,F02c,2,c,NA,NA
2019,Baidu,F,F02d,2,d,NA,NA
2019,Baidu,F,F03a,3,a,56.94,56.94
2019,Baidu,F,F03b,3,b,NA,NA
2019,Baidu,F,F03c,3,c,NA,NA
2019,Baidu,F,F04a,4,a,NA,NA
2019,Baidu,F,F04b,4,b,NA,NA
2019,Baidu,F,F04c,4,c,NA,NA
2019,Baidu,F,F05a,5,a,0,0
2019,Baidu,F,F05b,5,b,0,0
2019,Baidu,F,F06,6,NA,0,0
2019,Baidu,F,F07,7,NA,0,0
2019,Baidu,F,F08,8,NA,0,0
2019,Baidu,F,F09,9,NA,NA,NA
2019,Baidu,F,F10,10,NA,NA,NA
2019,Baidu,F,F11,11,NA,0,0
2019,Baidu,F,F12,12,NA,NA,NA
2019,Baidu,F,F13,13,NA,NA,NA
2019,Baidu,P,P01a,1,a,94.44,94.44
2019,Baidu,P,P01b,1,b,NA,NA
2019,Baidu,P,P02a,2,a,37.5,37.5
2019,Baidu,P,P02b,2,b,NA,NA
2019,Baidu,P,P03a,3,a,66.67,66.67
2019,Baidu,P,P03b,3,b,NA,NA
2019,Baidu,P,P04,4,NA,50,50
2019,Baidu,P,P05,5,NA,75,75
2019,Baidu,P,P06,6,NA,0,0
2019,Baidu,P,P07,7,NA,12.5,12.5
2019,Baidu,P,P08,8,NA,12.5,12.5
2019,Baidu,P,P09,9,NA,0,0
2019,Baidu,P,P10a,10,a,0,0
2019,Baidu,P,P10b,10,b,0,0
2019,Baidu,P,P11a,11,a,0,0
2019,Baidu,P,P11b,11,b,0,0
2019,Baidu,P,P12,12,NA,16.67,16.67
2019,Baidu,P,P13,13,NA,16.67,16.67
2019,Baidu,P,P14,14,NA,33.33,33.33
2019,Baidu,P,P15,15,NA,83.33,83.33
2019,Baidu,P,P16,16,NA,16.67,16.67
2019,Baidu,P,P17,17,NA,33.33,33.33
2019,Baidu,P,P18,18,NA,50,50
2019,Bharti Airtel,G,G01,1,NA,50,50
2019,Bharti Airtel,G,G02,2,NA,16.67,16.67
2019,Bharti Airtel,G,G03,3,NA,37.5,37.5
2019,Bharti Airtel,G,G04a,4,a,0,0
2019,Bharti Airtel,G,G04b,4,b,0,0
2019,Bharti Airtel,G,G04c,4,c,0,0
2019,Bharti Airtel,G,G04d,4,d,0,0
2019,Bharti Airtel,G,G04e,4,e,NA,NA
2019,Bharti Airtel,G,G05,5,NA,25,25
2019,Bharti Airtel,G,G06a,6,a,19.45,19.45
2019,Bharti Airtel,G,G06b,6,b,NA,NA
2019,Bharti Airtel,F,F01a,1,a,50,50
2019,Bharti Airtel,F,F01b,1,b,NA,NA
2019,Bharti Airtel,F,F01c,1,c,NA,NA
2019,Bharti Airtel,F,F01d,1,d,NA,NA
2019,Bharti Airtel,F,F02a,2,a,0,0
2019,Bharti Airtel,F,F02b,2,b,NA,NA
2019,Bharti Airtel,F,F02c,2,c,NA,NA
2019,Bharti Airtel,F,F02d,2,d,NA,NA
2019,Bharti Airtel,F,F03a,3,a,26.67,26.67
2019,Bharti Airtel,F,F03b,3,b,NA,NA
2019,Bharti Airtel,F,F03c,3,c,NA,NA
2019,Bharti Airtel,F,F04a,4,a,NA,NA
2019,Bharti Airtel,F,F04b,4,b,NA,NA
2019,Bharti Airtel,F,F04c,4,c,NA,NA
2019,Bharti Airtel,F,F05a,5,a,0,0
2019,Bharti Airtel,F,F05b,5,b,0,0
2019,Bharti Airtel,F,F06,6,NA,0,0
2019,Bharti Airtel,F,F07,7,NA,0,0
2019,Bharti Airtel,F,F08,8,NA,0,0
2019,Bharti Airtel,F,F09,9,NA,25,25
2019,Bharti Airtel,F,F10,10,NA,6.25,6.25
2019,Bharti Airtel,F,F11,11,NA,0,0
2019,Bharti Airtel,F,F12,12,NA,NA,NA
2019,Bharti Airtel,F,F13,13,NA,NA,NA
2019,Bharti Airtel,P,P01a,1,a,33.33,33.33
2019,Bharti Airtel,P,P01b,1,b,NA,NA
2019,Bharti Airtel,P,P02a,2,a,0,0
2019,Bharti Airtel,P,P02b,2,b,NA,NA
2019,Bharti Airtel,P,P03a,3,a,33.33,33.33
2019,Bharti Airtel,P,P03b,3,b,NA,NA
2019,Bharti Airtel,P,P04,4,NA,37.5,37.5
2019,Bharti Airtel,P,P05,5,NA,25,25
2019,Bharti Airtel,P,P06,6,NA,0,0
2019,Bharti Airtel,P,P07,7,NA,0,0
2019,Bharti Airtel,P,P08,8,NA,0,0
2019,Bharti Airtel,P,P09,9,NA,NA,NA
2019,Bharti Airtel,P,P10a,10,a,7.14,7.14
2019,Bharti Airtel,P,P10b,10,b,0,0
2019,Bharti Airtel,P,P11a,11,a,0,0
2019,Bharti Airtel,P,P11b,11,b,0,0
2019,Bharti Airtel,P,P12,12,NA,0,0
2019,Bharti Airtel,P,P13,13,NA,50,50
2019,Bharti Airtel,P,P14,14,NA,0,0
2019,Bharti Airtel,P,P15,15,NA,0,0
2019,Bharti Airtel,P,P16,16,NA,NA,NA
2019,Bharti Airtel,P,P17,17,NA,NA,NA
2019,Bharti Airtel,P,P18,18,NA,100,100
2019,DeutscheTelekom,G,G01,1,NA,100,100
2019,DeutscheTelekom,G,G02,2,NA,33.33,33.33
2019,DeutscheTelekom,G,G03,3,NA,75,75
2019,DeutscheTelekom,G,G04a,4,a,83.33,83.33
2019,DeutscheTelekom,G,G04b,4,b,0,0
2019,DeutscheTelekom,G,G04c,4,c,0,0
2019,DeutscheTelekom,G,G04d,4,d,50,50
2019,DeutscheTelekom,G,G04e,4,e,NA,NA
2019,DeutscheTelekom,G,G05,5,NA,0,0
2019,DeutscheTelekom,G,G06a,6,a,44.44,44.44
2019,DeutscheTelekom,G,G06b,6,b,NA,NA
2019,DeutscheTelekom,F,F01a,1,a,100,100
2019,DeutscheTelekom,F,F01b,1,b,NA,NA
2019,DeutscheTelekom,F,F01c,1,c,NA,NA
2019,DeutscheTelekom,F,F01d,1,d,NA,NA
2019,DeutscheTelekom,F,F02a,2,a,37.5,37.5
2019,DeutscheTelekom,F,F02b,2,b,NA,NA
2019,DeutscheTelekom,F,F02c,2,c,NA,NA
2019,DeutscheTelekom,F,F02d,2,d,NA,NA
2019,DeutscheTelekom,F,F03a,3,a,26.67,26.67
2019,DeutscheTelekom,F,F03b,3,b,NA,NA
2019,DeutscheTelekom,F,F03c,3,c,NA,NA
2019,DeutscheTelekom,F,F04a,4,a,NA,NA
2019,DeutscheTelekom,F,F04b,4,b,NA,NA
2019,DeutscheTelekom,F,F04c,4,c,NA,NA
2019,DeutscheTelekom,F,F05a,5,a,0,0
2019,DeutscheTelekom,F,F05b,5,b,10,10
2019,DeutscheTelekom,F,F06,6,NA,0,0
2019,DeutscheTelekom,F,F07,7,NA,0,0
2019,DeutscheTelekom,F,F08,8,NA,0,0
2019,DeutscheTelekom,F,F09,9,NA,0,0
2019,DeutscheTelekom,F,F10,10,NA,9.38,9.38
2019,DeutscheTelekom,F,F11,11,NA,0,0
2019,DeutscheTelekom,F,F12,12,NA,NA,NA
2019,DeutscheTelekom,F,F13,13,NA,NA,NA
2019,DeutscheTelekom,P,P01a,1,a,100,100
2019,DeutscheTelekom,P,P01b,1,b,NA,NA
2019,DeutscheTelekom,P,P02a,2,a,0,0
2019,DeutscheTelekom,P,P02b,2,b,NA,NA
2019,DeutscheTelekom,P,P03a,3,a,83.33,83.33
2019,DeutscheTelekom,P,P03b,3,b,NA,NA
2019,DeutscheTelekom,P,P04,4,NA,75,75
2019,DeutscheTelekom,P,P05,5,NA,75,75
2019,DeutscheTelekom,P,P06,6,NA,70,70
2019,DeutscheTelekom,P,P07,7,NA,62.5,62.5
2019,DeutscheTelekom,P,P08,8,NA,75,75
2019,DeutscheTelekom,P,P09,9,NA,NA,NA
2019,DeutscheTelekom,P,P10a,10,a,85.71,85.71
2019,DeutscheTelekom,P,P10b,10,b,10,10
2019,DeutscheTelekom,P,P11a,11,a,45,45
2019,DeutscheTelekom,P,P11b,11,b,0,0
2019,DeutscheTelekom,P,P12,12,NA,0,0
2019,DeutscheTelekom,P,P13,13,NA,100,100
2019,DeutscheTelekom,P,P14,14,NA,8.33,8.33
2019,DeutscheTelekom,P,P15,15,NA,50,50
2019,DeutscheTelekom,P,P16,16,NA,NA,NA
2019,DeutscheTelekom,P,P17,17,NA,NA,NA
2019,DeutscheTelekom,P,P18,18,NA,100,100
2019,Etisalat,G,G01,1,NA,0,0
2019,Etisalat,G,G02,2,NA,0,0
2019,Etisalat,G,G03,3,NA,0,0
2019,Etisalat,G,G04a,4,a,0,0
2019,Etisalat,G,G04b,4,b,0,0
2019,Etisalat,G,G04c,4,c,0,0
2019,Etisalat,G,G04d,4,d,0,0
2019,Etisalat,G,G04e,4,e,NA,NA
2019,Etisalat,G,G05,5,NA,0,0
2019,Etisalat,G,G06a,6,a,22.22,22.22
2019,Etisalat,G,G06b,6,b,NA,NA
2019,Etisalat,F,F01a,1,a,83.33,83.33
2019,Etisalat,F,F01b,1,b,NA,NA
2019,Etisalat,F,F01c,1,c,NA,NA
2019,Etisalat,F,F01d,1,d,NA,NA
2019,Etisalat,F,F02a,2,a,0,0
2019,Etisalat,F,F02b,2,b,NA,NA
2019,Etisalat,F,F02c,2,c,NA,NA
2019,Etisalat,F,F02d,2,d,NA,NA
2019,Etisalat,F,F03a,3,a,80,80
2019,Etisalat,F,F03b,3,b,NA,NA
2019,Etisalat,F,F03c,3,c,NA,NA
2019,Etisalat,F,F04a,4,a,NA,NA
2019,Etisalat,F,F04b,4,b,NA,NA
2019,Etisalat,F,F04c,4,c,NA,NA
2019,Etisalat,F,F05a,5,a,0,0
2019,Etisalat,F,F05b,5,b,0,0
2019,Etisalat,F,F06,6,NA,0,0
2019,Etisalat,F,F07,7,NA,0,0
2019,Etisalat,F,F08,8,NA,16.67,16.67
2019,Etisalat,F,F09,9,NA,0,0
2019,Etisalat,F,F10,10,NA,12.5,12.5
2019,Etisalat,F,F11,11,NA,0,0
2019,Etisalat,F,F12,12,NA,NA,NA
2019,Etisalat,F,F13,13,NA,NA,NA
2019,Etisalat,P,P01a,1,a,0,0
2019,Etisalat,P,P01b,1,b,NA,NA
2019,Etisalat,P,P02a,2,a,0,0
2019,Etisalat,P,P02b,2,b,NA,NA
2019,Etisalat,P,P03a,3,a,0,0
2019,Etisalat,P,P03b,3,b,NA,NA
2019,Etisalat,P,P04,4,NA,25,25
2019,Etisalat,P,P05,5,NA,0,0
2019,Etisalat,P,P06,6,NA,0,0
2019,Etisalat,P,P07,7,NA,0,0
2019,Etisalat,P,P08,8,NA,0,0
2019,Etisalat,P,P09,9,NA,NA,NA
2019,Etisalat,P,P10a,10,a,0,0
2019,Etisalat,P,P10b,10,b,0,0
2019,Etisalat,P,P11a,11,a,0,0
2019,Etisalat,P,P11b,11,b,0,0
2019,Etisalat,P,P12,12,NA,0,0
2019,Etisalat,P,P13,13,NA,33.33,33.33
2019,Etisalat,P,P14,14,NA,0,0
2019,Etisalat,P,P15,15,NA,0,0
2019,Etisalat,P,P16,16,NA,NA,NA
2019,Etisalat,P,P17,17,NA,NA,NA
2019,Etisalat,P,P18,18,NA,0,0
2019,Facebook,G,G01,1,NA,100,100
2019,Facebook,G,G02,2,NA,100,100
2019,Facebook,G,G03,3,NA,100,100
2019,Facebook,G,G04a,4,a,83.33,83.33
2019,Facebook,G,G04b,4,b,0,0
2019,Facebook,G,G04c,4,c,0,0
2019,Facebook,G,G04d,4,d,0,0
2019,Facebook,G,G04e,4,e,NA,NA
2019,Facebook,G,G05,5,NA,100,100
2019,Facebook,G,G06a,6,a,9.73,9.73
2019,Facebook,G,G06b,6,b,NA,NA
2019,Facebook,F,F01a,1,a,100,100
2019,Facebook,F,F01b,1,b,NA,NA
2019,Facebook,F,F01c,1,c,NA,NA
2019,Facebook,F,F01d,1,d,NA,NA
2019,Facebook,F,F02a,2,a,40.63,40.63
2019,Facebook,F,F02b,2,b,NA,NA
2019,Facebook,F,F02c,2,c,NA,NA
2019,Facebook,F,F02d,2,d,NA,NA
2019,Facebook,F,F03a,3,a,73.33,73.33
2019,Facebook,F,F03b,3,b,NA,NA
2019,Facebook,F,F03c,3,c,NA,NA
2019,Facebook,F,F04a,4,a,NA,NA
2019,Facebook,F,F04b,4,b,NA,NA
2019,Facebook,F,F04c,4,c,NA,NA
2019,Facebook,F,F05a,5,a,46.43,46.43
2019,Facebook,F,F05b,5,b,42.5,42.5
2019,Facebook,F,F06,6,NA,20,20
2019,Facebook,F,F07,7,NA,25,25
2019,Facebook,F,F08,8,NA,50,50
2019,Facebook,F,F09,9,NA,NA,NA
2019,Facebook,F,F10,10,NA,NA,NA
2019,Facebook,F,F11,11,NA,50,50
2019,Facebook,F,F12,12,NA,NA,NA
2019,Facebook,F,F13,13,NA,NA,NA
2019,Facebook,P,P01a,1,a,100,100
2019,Facebook,P,P01b,1,b,NA,NA
2019,Facebook,P,P02a,2,a,31.25,31.25
2019,Facebook,P,P02b,2,b,NA,NA
2019,Facebook,P,P03a,3,a,54.17,54.17
2019,Facebook,P,P03b,3,b,NA,NA
2019,Facebook,P,P04,4,NA,53.13,53.13
2019,Facebook,P,P05,5,NA,50,50
2019,Facebook,P,P06,6,NA,40,40
2019,Facebook,P,P07,7,NA,21.88,21.88
2019,Facebook,P,P08,8,NA,84.38,84.38
2019,Facebook,P,P09,9,NA,45,45
2019,Facebook,P,P10a,10,a,100,100
2019,Facebook,P,P10b,10,b,0,0
2019,Facebook,P,P11a,11,a,80,80
2019,Facebook,P,P11b,11,b,0,0
2019,Facebook,P,P12,12,NA,66.67,66.67
2019,Facebook,P,P13,13,NA,16.67,16.67
2019,Facebook,P,P14,14,NA,66.67,66.67
2019,Facebook,P,P15,15,NA,0,0
2019,Facebook,P,P16,16,NA,62.5,62.5
2019,Facebook,P,P17,17,NA,58.33,58.33
2019,Facebook,P,P18,18,NA,100,100
2019,Google,G,G01,1,NA,100,100
2019,Google,G,G02,2,NA,50,50
2019,Google,G,G03,3,NA,100,100
2019,Google,G,G04a,4,a,83.33,83.33
2019,Google,G,G04b,4,b,0,0
2019,Google,G,G04c,4,c,0,0
2019,Google,G,G04d,4,d,0,0
2019,Google,G,G04e,4,e,NA,NA
2019,Google,G,G05,5,NA,100,100
2019,Google,G,G06a,6,a,20,20
2019,Google,G,G06b,6,b,NA,NA
2019,Google,F,F01a,1,a,90,90
2019,Google,F,F01b,1,b,NA,NA
2019,Google,F,F01c,1,c,NA,NA
2019,Google,F,F01d,1,d,NA,NA
2019,Google,F,F02a,2,a,40,40
2019,Google,F,F02b,2,b,NA,NA
2019,Google,F,F02c,2,c,NA,NA
2019,Google,F,F02d,2,d,NA,NA
2019,Google,F,F03a,3,a,73.33,73.33
2019,Google,F,F03b,3,b,NA,NA
2019,Google,F,F03c,3,c,NA,NA
2019,Google,F,F04a,4,a,NA,NA
2019,Google,F,F04b,4,b,NA,NA
2019,Google,F,F04c,4,c,NA,NA
2019,Google,F,F05a,5,a,100,100
2019,Google,F,F05b,5,b,65,65
2019,Google,F,F06,6,NA,82.22,82.22
2019,Google,F,F07,7,NA,19.45,19.45
2019,Google,F,F08,8,NA,42.5,42.5
2019,Google,F,F09,9,NA,NA,NA
2019,Google,F,F10,10,NA,NA,NA
2019,Google,F,F11,11,NA,100,100
2019,Google,F,F12,12,NA,NA,NA
2019,Google,F,F13,13,NA,NA,NA
2019,Google,P,P01a,1,a,95,95
2019,Google,P,P01b,1,b,NA,NA
2019,Google,P,P02a,2,a,48,48
2019,Google,P,P02b,2,b,NA,NA
2019,Google,P,P03a,3,a,61.34,61.34
2019,Google,P,P03b,3,b,NA,NA
2019,Google,P,P04,4,NA,46.67,46.67
2019,Google,P,P05,5,NA,62.5,62.5
2019,Google,P,P06,6,NA,37.71,37.71
2019,Google,P,P07,7,NA,38,38
2019,Google,P,P08,8,NA,72,72
2019,Google,P,P09,9,NA,56,56
2019,Google,P,P10a,10,a,100,100
2019,Google,P,P10b,10,b,20,20
2019,Google,P,P11a,11,a,75,75
2019,Google,P,P11b,11,b,0,0
2019,Google,P,P12,12,NA,66.67,66.67
2019,Google,P,P13,13,NA,33.33,33.33
2019,Google,P,P14,14,NA,35,35
2019,Google,P,P15,15,NA,0,0
2019,Google,P,P16,16,NA,65,65
2019,Google,P,P17,17,NA,100,100
2019,Google,P,P18,18,NA,100,100
2019,Kakao,G,G01,1,NA,25,25
2019,Kakao,G,G02,2,NA,33.33,33.33
2019,Kakao,G,G03,3,NA,25,25
2019,Kakao,G,G04a,4,a,33.33,33.33
2019,Kakao,G,G04b,4,b,0,0
2019,Kakao,G,G04c,4,c,0,0
2019,Kakao,G,G04d,4,d,0,0
2019,Kakao,G,G04e,4,e,NA,NA
2019,Kakao,G,G05,5,NA,100,100
2019,Kakao,G,G06a,6,a,40.74,40.74
2019,Kakao,G,G06b,6,b,NA,NA
2019,Kakao,F,F01a,1,a,83.33,83.33
2019,Kakao,F,F01b,1,b,NA,NA
2019,Kakao,F,F01c,1,c,NA,NA
2019,Kakao,F,F01d,1,d,NA,NA
2019,Kakao,F,F02a,2,a,91.67,91.67
2019,Kakao,F,F02b,2,b,NA,NA
2019,Kakao,F,F02c,2,c,NA,NA
2019,Kakao,F,F02d,2,d,NA,NA
2019,Kakao,F,F03a,3,a,68.05,68.05
2019,Kakao,F,F03b,3,b,NA,NA
2019,Kakao,F,F03c,3,c,NA,NA
2019,Kakao,F,F04a,4,a,NA,NA
2019,Kakao,F,F04b,4,b,NA,NA
2019,Kakao,F,F04c,4,c,NA,NA
2019,Kakao,F,F05a,5,a,28.57,28.57
2019,Kakao,F,F05b,5,b,80,80
2019,Kakao,F,F06,6,NA,38.89,38.89
2019,Kakao,F,F07,7,NA,44.44,44.44
2019,Kakao,F,F08,8,NA,50,50
2019,Kakao,F,F09,9,NA,NA,NA
2019,Kakao,F,F10,10,NA,NA,NA
2019,Kakao,F,F11,11,NA,50,50
2019,Kakao,F,F12,12,NA,NA,NA
2019,Kakao,F,F13,13,NA,NA,NA
2019,Kakao,P,P01a,1,a,100,100
2019,Kakao,P,P01b,1,b,NA,NA
2019,Kakao,P,P02a,2,a,83.33,83.33
2019,Kakao,P,P02b,2,b,NA,NA
2019,Kakao,P,P03a,3,a,88.89,88.89
2019,Kakao,P,P03b,3,b,NA,NA
2019,Kakao,P,P04,4,NA,79.17,79.17
2019,Kakao,P,P05,5,NA,37.5,37.5
2019,Kakao,P,P06,6,NA,33.33,33.33
2019,Kakao,P,P07,7,NA,37.5,37.5
2019,Kakao,P,P08,8,NA,33.33,33.33
2019,Kakao,P,P09,9,NA,0,0
2019,Kakao,P,P10a,10,a,71.43,71.43
2019,Kakao,P,P10b,10,b,0,0
2019,Kakao,P,P11a,11,a,65,65
2019,Kakao,P,P11b,11,b,0,0
2019,Kakao,P,P12,12,NA,0,0
2019,Kakao,P,P13,13,NA,100,100
2019,Kakao,P,P14,14,NA,16.67,16.67
2019,Kakao,P,P15,15,NA,50,50
2019,Kakao,P,P16,16,NA,33.33,33.33
2019,Kakao,P,P17,17,NA,75,75
2019,Kakao,P,P18,18,NA,100,100
2019,Mail.Ru,G,G01,1,NA,0,0
2019,Mail.Ru,G,G02,2,NA,0,0
2019,Mail.Ru,G,G03,3,NA,12.5,12.5
2019,Mail.Ru,G,G04a,4,a,0,0
2019,Mail.Ru,G,G04b,4,b,0,0
2019,Mail.Ru,G,G04c,4,c,0,0
2019,Mail.Ru,G,G04d,4,d,0,0
2019,Mail.Ru,G,G04e,4,e,NA,NA
2019,Mail.Ru,G,G05,5,NA,0,0
2019,Mail.Ru,G,G06a,6,a,25,25
2019,Mail.Ru,G,G06b,6,b,NA,NA
2019,Mail.Ru,F,F01a,1,a,70.84,70.84
2019,Mail.Ru,F,F01b,1,b,NA,NA
2019,Mail.Ru,F,F01c,1,c,NA,NA
2019,Mail.Ru,F,F01d,1,d,NA,NA
2019,Mail.Ru,F,F02a,2,a,12.5,12.5
2019,Mail.Ru,F,F02b,2,b,NA,NA
2019,Mail.Ru,F,F02c,2,c,NA,NA
2019,Mail.Ru,F,F02d,2,d,NA,NA
2019,Mail.Ru,F,F03a,3,a,66.66,66.66
2019,Mail.Ru,F,F03b,3,b,NA,NA
2019,Mail.Ru,F,F03c,3,c,NA,NA
2019,Mail.Ru,F,F04a,4,a,NA,NA
2019,Mail.Ru,F,F04b,4,b,NA,NA
2019,Mail.Ru,F,F04c,4,c,NA,NA
2019,Mail.Ru,F,F05a,5,a,0,0
2019,Mail.Ru,F,F05b,5,b,6.67,6.67
2019,Mail.Ru,F,F06,6,NA,0,0
2019,Mail.Ru,F,F07,7,NA,0,0
2019,Mail.Ru,F,F08,8,NA,0,0
2019,Mail.Ru,F,F09,9,NA,NA,NA
2019,Mail.Ru,F,F10,10,NA,NA,NA
2019,Mail.Ru,F,F11,11,NA,75,75
2019,Mail.Ru,F,F12,12,NA,NA,NA
2019,Mail.Ru,F,F13,13,NA,NA,NA
2019,Mail.Ru,P,P01a,1,a,33.33,33.33
2019,Mail.Ru,P,P01b,1,b,NA,NA
2019,Mail.Ru,P,P02a,2,a,0,0
2019,Mail.Ru,P,P02b,2,b,NA,NA
2019,Mail.Ru,P,P03a,3,a,41.67,41.67
2019,Mail.Ru,P,P03b,3,b,NA,NA
2019,Mail.Ru,P,P04,4,NA,25,25
2019,Mail.Ru,P,P05,5,NA,40.63,40.63
2019,Mail.Ru,P,P06,6,NA,12.5,12.5
2019,Mail.Ru,P,P07,7,NA,12.5,12.5
2019,Mail.Ru,P,P08,8,NA,0,0
2019,Mail.Ru,P,P09,9,NA,5,5
2019,Mail.Ru,P,P10a,10,a,0,0
2019,Mail.Ru,P,P10b,10,b,0,0
2019,Mail.Ru,P,P11a,11,a,0,0
2019,Mail.Ru,P,P11b,11,b,0,0
2019,Mail.Ru,P,P12,12,NA,0,0
2019,Mail.Ru,P,P13,13,NA,16.67,16.67
2019,Mail.Ru,P,P14,14,NA,58.34,58.34
2019,Mail.Ru,P,P15,15,NA,0,0
2019,Mail.Ru,P,P16,16,NA,25,25
2019,Mail.Ru,P,P17,17,NA,66.66,66.66
2019,Mail.Ru,P,P18,18,NA,100,100
2019,Microsoft,G,G01,1,NA,100,100
2019,Microsoft,G,G02,2,NA,100,100
2019,Microsoft,G,G03,3,NA,100,100
2019,Microsoft,G,G04a,4,a,100,100
2019,Microsoft,G,G04b,4,b,50,50
2019,Microsoft,G,G04c,4,c,0,0
2019,Microsoft,G,G04d,4,d,50,50
2019,Microsoft,G,G04e,4,e,NA,NA
2019,Microsoft,G,G05,5,NA,100,100
2019,Microsoft,G,G06a,6,a,27.78,27.78
2019,Microsoft,G,G06b,6,b,NA,NA
2019,Microsoft,F,F01a,1,a,91.67,91.67
2019,Microsoft,F,F01b,1,b,NA,NA
2019,Microsoft,F,F01c,1,c,NA,NA
2019,Microsoft,F,F01d,1,d,NA,NA
2019,Microsoft,F,F02a,2,a,59.38,59.38
2019,Microsoft,F,F02b,2,b,NA,NA
2019,Microsoft,F,F02c,2,c,NA,NA
2019,Microsoft,F,F02d,2,d,NA,NA
2019,Microsoft,F,F03a,3,a,71.87,71.87
2019,Microsoft,F,F03b,3,b,NA,NA
2019,Microsoft,F,F03c,3,c,NA,NA
2019,Microsoft,F,F04a,4,a,NA,NA
2019,Microsoft,F,F04b,4,b,NA,NA
2019,Microsoft,F,F04c,4,c,NA,NA
2019,Microsoft,F,F05a,5,a,57.14,57.14
2019,Microsoft,F,F05b,5,b,40,40
2019,Microsoft,F,F06,6,NA,31.67,31.67
2019,Microsoft,F,F07,7,NA,38.89,38.89
2019,Microsoft,F,F08,8,NA,12.5,12.5
2019,Microsoft,F,F09,9,NA,NA,NA
2019,Microsoft,F,F10,10,NA,NA,NA
2019,Microsoft,F,F11,11,NA,100,100
2019,Microsoft,F,F12,12,NA,NA,NA
2019,Microsoft,F,F13,13,NA,NA,NA
2019,Microsoft,P,P01a,1,a,100,100
2019,Microsoft,P,P01b,1,b,NA,NA
2019,Microsoft,P,P02a,2,a,62.5,62.5
2019,Microsoft,P,P02b,2,b,NA,NA
2019,Microsoft,P,P03a,3,a,50,50
2019,Microsoft,P,P03b,3,b,NA,NA
2019,Microsoft,P,P04,4,NA,50,50
2019,Microsoft,P,P05,5,NA,50,50
2019,Microsoft,P,P06,6,NA,35,35
2019,Microsoft,P,P07,7,NA,40.63,40.63
2019,Microsoft,P,P08,8,NA,43.75,43.75
2019,Microsoft,P,P09,9,NA,40,40
2019,Microsoft,P,P10a,10,a,100,100
2019,Microsoft,P,P10b,10,b,30,30
2019,Microsoft,P,P11a,11,a,70,70
2019,Microsoft,P,P11b,11,b,0,0
2019,Microsoft,P,P12,12,NA,66.67,66.67
2019,Microsoft,P,P13,13,NA,50,50
2019,Microsoft,P,P14,14,NA,50,50
2019,Microsoft,P,P15,15,NA,25,25
2019,Microsoft,P,P16,16,NA,62.5,62.5
2019,Microsoft,P,P17,17,NA,94.44,94.44
2019,Microsoft,P,P18,18,NA,100,100
2019,MTN,G,G01,1,NA,100,100
2019,MTN,G,G02,2,NA,100,100
2019,MTN,G,G03,3,NA,0,0
2019,MTN,G,G04a,4,a,16.67,16.67
2019,MTN,G,G04b,4,b,0,0
2019,MTN,G,G04c,4,c,0,0
2019,MTN,G,G04d,4,d,0,0
2019,MTN,G,G04e,4,e,NA,NA
2019,MTN,G,G05,5,NA,0,0
2019,MTN,G,G06a,6,a,27.78,27.78
2019,MTN,G,G06b,6,b,NA,NA
2019,MTN,F,F01a,1,a,29.17,29.17
2019,MTN,F,F01b,1,b,NA,NA
2019,MTN,F,F01c,1,c,NA,NA
2019,MTN,F,F01d,1,d,NA,NA
2019,MTN,F,F02a,2,a,18.75,18.75
2019,MTN,F,F02b,2,b,NA,NA
2019,MTN,F,F02c,2,c,NA,NA
2019,MTN,F,F02d,2,d,NA,NA
2019,MTN,F,F03a,3,a,18.34,18.34
2019,MTN,F,F03b,3,b,NA,NA
2019,MTN,F,F03c,3,c,NA,NA
2019,MTN,F,F04a,4,a,NA,NA
2019,MTN,F,F04b,4,b,NA,NA
2019,MTN,F,F04c,4,c,NA,NA
2019,MTN,F,F05a,5,a,0,0
2019,MTN,F,F05b,5,b,0,0
2019,MTN,F,F06,6,NA,0,0
2019,MTN,F,F07,7,NA,0,0
2019,MTN,F,F08,8,NA,20.84,20.84
2019,MTN,F,F09,9,NA,0,0
2019,MTN,F,F10,10,NA,18.75,18.75
2019,MTN,F,F11,11,NA,0,0
2019,MTN,F,F12,12,NA,NA,NA
2019,MTN,F,F13,13,NA,NA,NA
2019,MTN,P,P01a,1,a,50,50
2019,MTN,P,P01b,1,b,NA,NA
2019,MTN,P,P02a,2,a,0,0
2019,MTN,P,P02b,2,b,NA,NA
2019,MTN,P,P03a,3,a,33.33,33.33
2019,MTN,P,P03b,3,b,NA,NA
2019,MTN,P,P04,4,NA,0,0
2019,MTN,P,P05,5,NA,25,25
2019,MTN,P,P06,6,NA,0,0
2019,MTN,P,P07,7,NA,0,0
2019,MTN,P,P08,8,NA,0,0
2019,MTN,P,P09,9,NA,NA,NA
2019,MTN,P,P10a,10,a,0,0
2019,MTN,P,P10b,10,b,0,0
2019,MTN,P,P11a,11,a,0,0
2019,MTN,P,P11b,11,b,0,0
2019,MTN,P,P12,12,NA,0,0
2019,MTN,P,P13,13,NA,16.67,16.67
2019,MTN,P,P14,14,NA,8.33,8.33
2019,MTN,P,P15,15,NA,0,0
2019,MTN,P,P16,16,NA,NA,NA
2019,MTN,P,P17,17,NA,NA,NA
2019,MTN,P,P18,18,NA,50,50
2019,Ooredoo,G,G01,1,NA,0,0
2019,Ooredoo,G,G02,2,NA,0,0
2019,Ooredoo,G,G03,3,NA,0,0
2019,Ooredoo,G,G04a,4,a,0,0
2019,Ooredoo,G,G04b,4,b,0,0
2019,Ooredoo,G,G04c,4,c,0,0
2019,Ooredoo,G,G04d,4,d,0,0
2019,Ooredoo,G,G04e,4,e,NA,NA
2019,Ooredoo,G,G05,5,NA,0,0
2019,Ooredoo,G,G06a,6,a,0,0
2019,Ooredoo,G,G06b,6,b,NA,NA
2019,Ooredoo,F,F01a,1,a,91.67,91.67
2019,Ooredoo,F,F01b,1,b,NA,NA
2019,Ooredoo,F,F01c,1,c,NA,NA
2019,Ooredoo,F,F01d,1,d,NA,NA
2019,Ooredoo,F,F02a,2,a,12.5,12.5
2019,Ooredoo,F,F02b,2,b,NA,NA
2019,Ooredoo,F,F02c,2,c,NA,NA
2019,Ooredoo,F,F02d,2,d,NA,NA
2019,Ooredoo,F,F03a,3,a,53.34,53.34
2019,Ooredoo,F,F03b,3,b,NA,NA
2019,Ooredoo,F,F03c,3,c,NA,NA
2019,Ooredoo,F,F04a,4,a,NA,NA
2019,Ooredoo,F,F04b,4,b,NA,NA
2019,Ooredoo,F,F04c,4,c,NA,NA
2019,Ooredoo,F,F05a,5,a,0,0
2019,Ooredoo,F,F05b,5,b,0,0
2019,Ooredoo,F,F06,6,NA,0,0
2019,Ooredoo,F,F07,7,NA,0,0
2019,Ooredoo,F,F08,8,NA,0,0
2019,Ooredoo,F,F09,9,NA,0,0
2019,Ooredoo,F,F10,10,NA,6.25,6.25
2019,Ooredoo,F,F11,11,NA,0,0
2019,Ooredoo,F,F12,12,NA,NA,NA
2019,Ooredoo,F,F13,13,NA,NA,NA
2019,Ooredoo,P,P01a,1,a,0,0
2019,Ooredoo,P,P01b,1,b,NA,NA
2019,Ooredoo,P,P02a,2,a,0,0
2019,Ooredoo,P,P02b,2,b,NA,NA
2019,Ooredoo,P,P03a,3,a,0,0
2019,Ooredoo,P,P03b,3,b,NA,NA
2019,Ooredoo,P,P04,4,NA,0,0
2019,Ooredoo,P,P05,5,NA,0,0
2019,Ooredoo,P,P06,6,NA,0,0
2019,Ooredoo,P,P07,7,NA,0,0
2019,Ooredoo,P,P08,8,NA,0,0
2019,Ooredoo,P,P09,9,NA,NA,NA
2019,Ooredoo,P,P10a,10,a,0,0
2019,Ooredoo,P,P10b,10,b,0,0
2019,Ooredoo,P,P11a,11,a,0,0
2019,Ooredoo,P,P11b,11,b,0,0
2019,Ooredoo,P,P12,12,NA,0,0
2019,Ooredoo,P,P13,13,NA,0,0
2019,Ooredoo,P,P14,14,NA,0,0
2019,Ooredoo,P,P15,15,NA,0,0
2019,Ooredoo,P,P16,16,NA,NA,NA
2019,Ooredoo,P,P17,17,NA,NA,NA
2019,Ooredoo,P,P18,18,NA,0,0
2019,Orange,G,G01,1,NA,100,100
2019,Orange,G,G02,2,NA,100,100
2019,Orange,G,G03,3,NA,100,100
2019,Orange,G,G04a,4,a,100,100
2019,Orange,G,G04b,4,b,0,0
2019,Orange,G,G04c,4,c,0,0
2019,Orange,G,G04d,4,d,0,0
2019,Orange,G,G04e,4,e,NA,NA
2019,Orange,G,G05,5,NA,100,100
2019,Orange,G,G06a,6,a,38.89,38.89
2019,Orange,G,G06b,6,b,NA,NA
2019,Orange,F,F01a,1,a,66.67,66.67
2019,Orange,F,F01b,1,b,NA,NA
2019,Orange,F,F01c,1,c,NA,NA
2019,Orange,F,F01d,1,d,NA,NA
2019,Orange,F,F02a,2,a,18.75,18.75
2019,Orange,F,F02b,2,b,NA,NA
2019,Orange,F,F02c,2,c,NA,NA
2019,Orange,F,F02d,2,d,NA,NA
2019,Orange,F,F03a,3,a,80,80
2019,Orange,F,F03b,3,b,NA,NA
2019,Orange,F,F03c,3,c,NA,NA
2019,Orange,F,F04a,4,a,NA,NA
2019,Orange,F,F04b,4,b,NA,NA
2019,Orange,F,F04c,4,c,NA,NA
2019,Orange,F,F05a,5,a,0,0
2019,Orange,F,F05b,5,b,0,0
2019,Orange,F,F06,6,NA,0,0
2019,Orange,F,F07,7,NA,0,0
2019,Orange,F,F08,8,NA,16.67,16.67
2019,Orange,F,F09,9,NA,0,0
2019,Orange,F,F10,10,NA,25,25
2019,Orange,F,F11,11,NA,0,0
2019,Orange,F,F12,12,NA,NA,NA
2019,Orange,F,F13,13,NA,NA,NA
2019,Orange,P,P01a,1,a,100,100
2019,Orange,P,P01b,1,b,NA,NA
2019,Orange,P,P02a,2,a,0,0
2019,Orange,P,P02b,2,b,NA,NA
2019,Orange,P,P03a,3,a,50,50
2019,Orange,P,P03b,3,b,NA,NA
2019,Orange,P,P04,4,NA,25,25
2019,Orange,P,P05,5,NA,50,50
2019,Orange,P,P06,6,NA,10,10
2019,Orange,P,P07,7,NA,6.25,6.25
2019,Orange,P,P08,8,NA,37.5,37.5
2019,Orange,P,P09,9,NA,NA,NA
2019,Orange,P,P10a,10,a,14.29,14.29
2019,Orange,P,P10b,10,b,0,0
2019,Orange,P,P11a,11,a,30,30
2019,Orange,P,P11b,11,b,0,0
2019,Orange,P,P12,12,NA,0,0
2019,Orange,P,P13,13,NA,50,50
2019,Orange,P,P14,14,NA,0,0
2019,Orange,P,P15,15,NA,0,0
2019,Orange,P,P16,16,NA,NA,NA
2019,Orange,P,P17,17,NA,NA,NA
2019,Orange,P,P18,18,NA,100,100
2019,Samsung,G,G01,1,NA,100,100
2019,Samsung,G,G02,2,NA,33.33,33.33
2019,Samsung,G,G03,3,NA,50,50
2019,Samsung,G,G04a,4,a,33.33,33.33
2019,Samsung,G,G04b,4,b,0,0
2019,Samsung,G,G04c,4,c,0,0
2019,Samsung,G,G04d,4,d,0,0
2019,Samsung,G,G04e,4,e,NA,NA
2019,Samsung,G,G05,5,NA,0,0
2019,Samsung,G,G06a,6,a,0,0
2019,Samsung,G,G06b,6,b,NA,NA
2019,Samsung,F,F01a,1,a,75,75
2019,Samsung,F,F01b,1,b,NA,NA
2019,Samsung,F,F01c,1,c,NA,NA
2019,Samsung,F,F01d,1,d,NA,NA
2019,Samsung,F,F02a,2,a,93.75,93.75
2019,Samsung,F,F02b,2,b,NA,NA
2019,Samsung,F,F02c,2,c,NA,NA
2019,Samsung,F,F02d,2,d,NA,NA
2019,Samsung,F,F03a,3,a,58.34,58.34
2019,Samsung,F,F03b,3,b,NA,NA
2019,Samsung,F,F03c,3,c,NA,NA
2019,Samsung,F,F04a,4,a,NA,NA
2019,Samsung,F,F04b,4,b,NA,NA
2019,Samsung,F,F04c,4,c,NA,NA
2019,Samsung,F,F05a,5,a,0,0
2019,Samsung,F,F05b,5,b,0,0
2019,Samsung,F,F06,6,NA,0,0
2019,Samsung,F,F07,7,NA,0,0
2019,Samsung,F,F08,8,NA,12.5,12.5
2019,Samsung,F,F09,9,NA,NA,NA
2019,Samsung,F,F10,10,NA,NA,NA
2019,Samsung,F,F11,11,NA,50,50
2019,Samsung,F,F12,12,NA,NA,NA
2019,Samsung,F,F13,13,NA,NA,NA
2019,Samsung,P,P01a,1,a,79.16,79.16
2019,Samsung,P,P01b,1,b,NA,NA
2019,Samsung,P,P02a,2,a,61.25,61.25
2019,Samsung,P,P02b,2,b,NA,NA
2019,Samsung,P,P03a,3,a,63.34,63.34
2019,Samsung,P,P03b,3,b,NA,NA
2019,Samsung,P,P04,4,NA,56.25,56.25
2019,Samsung,P,P05,5,NA,37.5,37.5
2019,Samsung,P,P06,6,NA,20.72,20.72
2019,Samsung,P,P07,7,NA,38.75,38.75
2019,Samsung,P,P08,8,NA,0,0
2019,Samsung,P,P09,9,NA,0,0
2019,Samsung,P,P10a,10,a,0,0
2019,Samsung,P,P10b,10,b,0,0
2019,Samsung,P,P11a,11,a,0,0
2019,Samsung,P,P11b,11,b,0,0
2019,Samsung,P,P12,12,NA,0,0
2019,Samsung,P,P13,13,NA,50,50
2019,Samsung,P,P14,14,NA,38.89,38.89
2019,Samsung,P,P15,15,NA,0,0
2019,Samsung,P,P16,16,NA,0,0
2019,Samsung,P,P17,17,NA,33.33,33.33
2019,Samsung,P,P18,18,NA,0,0
2019,Telefonica,G,G01,1,NA,100,100
2019,Telefonica,G,G02,2,NA,100,100
2019,Telefonica,G,G03,3,NA,100,100
2019,Telefonica,G,G04a,4,a,83.33,83.33
2019,Telefonica,G,G04b,4,b,100,100
2019,Telefonica,G,G04c,4,c,0,0
2019,Telefonica,G,G04d,4,d,100,100
2019,Telefonica,G,G04e,4,e,NA,NA
2019,Telefonica,G,G05,5,NA,100,100
2019,Telefonica,G,G06a,6,a,77.78,77.78
2019,Telefonica,G,G06b,6,b,NA,NA
2019,Telefonica,F,F01a,1,a,66.67,66.67
2019,Telefonica,F,F01b,1,b,NA,NA
2019,Telefonica,F,F01c,1,c,NA,NA
2019,Telefonica,F,F01d,1,d,NA,NA
2019,Telefonica,F,F02a,2,a,81.25,81.25
2019,Telefonica,F,F02b,2,b,NA,NA
2019,Telefonica,F,F02c,2,c,NA,NA
2019,Telefonica,F,F02d,2,d,NA,NA
2019,Telefonica,F,F03a,3,a,80,80
2019,Telefonica,F,F03b,3,b,NA,NA
2019,Telefonica,F,F03c,3,c,NA,NA
2019,Telefonica,F,F04a,4,a,NA,NA
2019,Telefonica,F,F04b,4,b,NA,NA
2019,Telefonica,F,F04c,4,c,NA,NA
2019,Telefonica,F,F05a,5,a,92.86,92.86
2019,Telefonica,F,F05b,5,b,30,30
2019,Telefonica,F,F06,6,NA,40,40
2019,Telefonica,F,F07,7,NA,0,0
2019,Telefonica,F,F08,8,NA,33.33,33.33
2019,Telefonica,F,F09,9,NA,100,100
2019,Telefonica,F,F10,10,NA,68.75,68.75
2019,Telefonica,F,F11,11,NA,0,0
2019,Telefonica,F,F12,12,NA,NA,NA
2019,Telefonica,F,F13,13,NA,NA,NA
2019,Telefonica,P,P01a,1,a,100,100
2019,Telefonica,P,P01b,1,b,NA,NA
2019,Telefonica,P,P02a,2,a,37.5,37.5
2019,Telefonica,P,P02b,2,b,NA,NA
2019,Telefonica,P,P03a,3,a,83.33,83.33
2019,Telefonica,P,P03b,3,b,NA,NA
2019,Telefonica,P,P04,4,NA,25,25
2019,Telefonica,P,P05,5,NA,50,50
2019,Telefonica,P,P06,6,NA,10,10
2019,Telefonica,P,P07,7,NA,37.5,37.5
2019,Telefonica,P,P08,8,NA,75,75
2019,Telefonica,P,P09,9,NA,NA,NA
2019,Telefonica,P,P10a,10,a,92.86,92.86
2019,Telefonica,P,P10b,10,b,0,0
2019,Telefonica,P,P11a,11,a,60,60
2019,Telefonica,P,P11b,11,b,0,0
2019,Telefonica,P,P12,12,NA,0,0
2019,Telefonica,P,P13,13,NA,50,50
2019,Telefonica,P,P14,14,NA,25,25
2019,Telefonica,P,P15,15,NA,33.33,33.33
2019,Telefonica,P,P16,16,NA,NA,NA
2019,Telefonica,P,P17,17,NA,NA,NA
2019,Telefonica,P,P18,18,NA,100,100
2019,Telenor,G,G01,1,NA,100,100
2019,Telenor,G,G02,2,NA,100,100
2019,Telenor,G,G03,3,NA,100,100
2019,Telenor,G,G04a,4,a,83.33,83.33
2019,Telenor,G,G04b,4,b,0,0
2019,Telenor,G,G04c,4,c,0,0
2019,Telenor,G,G04d,4,d,0,0
2019,Telenor,G,G04e,4,e,NA,NA
2019,Telenor,G,G05,5,NA,100,100
2019,Telenor,G,G06a,6,a,33.33,33.33
2019,Telenor,G,G06b,6,b,NA,NA
2019,Telenor,F,F01a,1,a,100,100
2019,Telenor,F,F01b,1,b,NA,NA
2019,Telenor,F,F01c,1,c,NA,NA
2019,Telenor,F,F01d,1,d,NA,NA
2019,Telenor,F,F02a,2,a,25,25
2019,Telenor,F,F02b,2,b,NA,NA
2019,Telenor,F,F02c,2,c,NA,NA
2019,Telenor,F,F02d,2,d,NA,NA
2019,Telenor,F,F03a,3,a,80,80
2019,Telenor,F,F03b,3,b,NA,NA
2019,Telenor,F,F03c,3,c,NA,NA
2019,Telenor,F,F04a,4,a,NA,NA
2019,Telenor,F,F04b,4,b,NA,NA
2019,Telenor,F,F04c,4,c,NA,NA
2019,Telenor,F,F05a,5,a,71.43,71.43
2019,Telenor,F,F05b,5,b,10,10
2019,Telenor,F,F06,6,NA,15,15
2019,Telenor,F,F07,7,NA,0,0
2019,Telenor,F,F08,8,NA,33.33,33.33
2019,Telenor,F,F09,9,NA,25,25
2019,Telenor,F,F10,10,NA,56.25,56.25
2019,Telenor,F,F11,11,NA,0,0
2019,Telenor,F,F12,12,NA,NA,NA
2019,Telenor,F,F13,13,NA,NA,NA
2019,Telenor,P,P01a,1,a,83.33,83.33
2019,Telenor,P,P01b,1,b,NA,NA
2019,Telenor,P,P02a,2,a,0,0
2019,Telenor,P,P02b,2,b,NA,NA
2019,Telenor,P,P03a,3,a,33.33,33.33
2019,Telenor,P,P03b,3,b,NA,NA
2019,Telenor,P,P04,4,NA,37.5,37.5
2019,Telenor,P,P05,5,NA,75,75
2019,Telenor,P,P06,6,NA,5,5
2019,Telenor,P,P07,7,NA,37.5,37.5
2019,Telenor,P,P08,8,NA,50,50
2019,Telenor,P,P09,9,NA,NA,NA
2019,Telenor,P,P10a,10,a,71.43,71.43
2019,Telenor,P,P10b,10,b,0,0
2019,Telenor,P,P11a,11,a,45,45
2019,Telenor,P,P11b,11,b,0,0
2019,Telenor,P,P12,12,NA,0,0
2019,Telenor,P,P13,13,NA,33.33,33.33
2019,Telenor,P,P14,14,NA,4.17,4.17
2019,Telenor,P,P15,15,NA,50,50
2019,Telenor,P,P16,16,NA,NA,NA
2019,Telenor,P,P17,17,NA,NA,NA
2019,Telenor,P,P18,18,NA,100,100
2019,Tencent,G,G01,1,NA,25,25
2019,Tencent,G,G02,2,NA,0,0
2019,Tencent,G,G03,3,NA,0,0
2019,Tencent,G,G04a,4,a,0,0
2019,Tencent,G,G04b,4,b,0,0
2019,Tencent,G,G04c,4,c,0,0
2019,Tencent,G,G04d,4,d,0,0
2019,Tencent,G,G04e,4,e,NA,NA
2019,Tencent,G,G05,5,NA,0,0
2019,Tencent,G,G06a,6,a,0,0
2019,Tencent,G,G06b,6,b,NA,NA
2019,Tencent,F,F01a,1,a,75,75
2019,Tencent,F,F01b,1,b,NA,NA
2019,Tencent,F,F01c,1,c,NA,NA
2019,Tencent,F,F01d,1,d,NA,NA
2019,Tencent,F,F02a,2,a,0,0
2019,Tencent,F,F02b,2,b,NA,NA
2019,Tencent,F,F02c,2,c,NA,NA
2019,Tencent,F,F02d,2,d,NA,NA
2019,Tencent,F,F03a,3,a,62.5,62.5
2019,Tencent,F,F03b,3,b,NA,NA
2019,Tencent,F,F03c,3,c,NA,NA
2019,Tencent,F,F04a,4,a,NA,NA
2019,Tencent,F,F04b,4,b,NA,NA
2019,Tencent,F,F04c,4,c,NA,NA
2019,Tencent,F,F05a,5,a,0,0
2019,Tencent,F,F05b,5,b,5,5
2019,Tencent,F,F06,6,NA,0,0
2019,Tencent,F,F07,7,NA,0,0
2019,Tencent,F,F08,8,NA,0,0
2019,Tencent,F,F09,9,NA,NA,NA
2019,Tencent,F,F10,10,NA,NA,NA
2019,Tencent,F,F11,11,NA,0,0
2019,Tencent,F,F12,12,NA,NA,NA
2019,Tencent,F,F13,13,NA,NA,NA
2019,Tencent,P,P01a,1,a,91.67,91.67
2019,Tencent,P,P01b,1,b,NA,NA
2019,Tencent,P,P02a,2,a,31.25,31.25
2019,Tencent,P,P02b,2,b,NA,NA
2019,Tencent,P,P03a,3,a,91.67,91.67
2019,Tencent,P,P03b,3,b,NA,NA
2019,Tencent,P,P04,4,NA,46.88,46.88
2019,Tencent,P,P05,5,NA,65.63,65.63
2019,Tencent,P,P06,6,NA,2.5,2.5
2019,Tencent,P,P07,7,NA,40.63,40.63
2019,Tencent,P,P08,8,NA,25,25
2019,Tencent,P,P09,9,NA,30,30
2019,Tencent,P,P10a,10,a,0,0
2019,Tencent,P,P10b,10,b,0,0
2019,Tencent,P,P11a,11,a,0,0
2019,Tencent,P,P11b,11,b,0,0
2019,Tencent,P,P12,12,NA,0,0
2019,Tencent,P,P13,13,NA,16.67,16.67
2019,Tencent,P,P14,14,NA,66.67,66.67
2019,Tencent,P,P15,15,NA,50,50
2019,Tencent,P,P16,16,NA,9.38,9.38
2019,Tencent,P,P17,17,NA,33.33,33.33
2019,Tencent,P,P18,18,NA,100,100
2019,Twitter,G,G01,1,NA,100,100
2019,Twitter,G,G02,2,NA,66.67,66.67
2019,Twitter,G,G03,3,NA,50,50
2019,Twitter,G,G04a,4,a,16.67,16.67
2019,Twitter,G,G04b,4,b,0,0
2019,Twitter,G,G04c,4,c,0,0
2019,Twitter,G,G04d,4,d,0,0
2019,Twitter,G,G04e,4,e,NA,NA
2019,Twitter,G,G05,5,NA,75,75
2019,Twitter,G,G06a,6,a,33.33,33.33
2019,Twitter,G,G06b,6,b,NA,NA
2019,Twitter,F,F01a,1,a,100,100
2019,Twitter,F,F01b,1,b,NA,NA
2019,Twitter,F,F01c,1,c,NA,NA
2019,Twitter,F,F01d,1,d,NA,NA
2019,Twitter,F,F02a,2,a,37.5,37.5
2019,Twitter,F,F02b,2,b,NA,NA
2019,Twitter,F,F02c,2,c,NA,NA
2019,Twitter,F,F02d,2,d,NA,NA
2019,Twitter,F,F03a,3,a,50,50
2019,Twitter,F,F03b,3,b,NA,NA
2019,Twitter,F,F03c,3,c,NA,NA
2019,Twitter,F,F04a,4,a,NA,NA
2019,Twitter,F,F04b,4,b,NA,NA
2019,Twitter,F,F04c,4,c,NA,NA
2019,Twitter,F,F05a,5,a,85.71,85.71
2019,Twitter,F,F05b,5,b,70,70
2019,Twitter,F,F06,6,NA,80,80
2019,Twitter,F,F07,7,NA,65,65
2019,Twitter,F,F08,8,NA,62.5,62.5
2019,Twitter,F,F09,9,NA,NA,NA
2019,Twitter,F,F10,10,NA,NA,NA
2019,Twitter,F,F11,11,NA,100,100
2019,Twitter,F,F12,12,NA,NA,NA
2019,Twitter,F,F13,13,NA,NA,NA
2019,Twitter,P,P01a,1,a,100,100
2019,Twitter,P,P01b,1,b,NA,NA
2019,Twitter,P,P02a,2,a,50,50
2019,Twitter,P,P02b,2,b,NA,NA
2019,Twitter,P,P03a,3,a,66.67,66.67
2019,Twitter,P,P03b,3,b,NA,NA
2019,Twitter,P,P04,4,NA,62.5,62.5
2019,Twitter,P,P05,5,NA,62.5,62.5
2019,Twitter,P,P06,6,NA,40,40
2019,Twitter,P,P07,7,NA,50,50
2019,Twitter,P,P08,8,NA,75,75
2019,Twitter,P,P09,9,NA,60,60
2019,Twitter,P,P10a,10,a,85.71,85.71
2019,Twitter,P,P10b,10,b,0,0
2019,Twitter,P,P11a,11,a,80,80
2019,Twitter,P,P11b,11,b,0,0
2019,Twitter,P,P12,12,NA,66.67,66.67
2019,Twitter,P,P13,13,NA,50,50
2019,Twitter,P,P14,14,NA,50,50
2019,Twitter,P,P15,15,NA,0,0
2019,Twitter,P,P16,16,NA,50,50
2019,Twitter,P,P17,17,NA,100,100
2019,Twitter,P,P18,18,NA,100,100
2019,Verizon Media,G,G01,1,NA,100,100
2019,Verizon Media,G,G02,2,NA,100,100
2019,Verizon Media,G,G03,3,NA,100,100
2019,Verizon Media,G,G04a,4,a,100,100
2019,Verizon Media,G,G04b,4,b,100,100
2019,Verizon Media,G,G04c,4,c,0,0
2019,Verizon Media,G,G04d,4,d,0,0
2019,Verizon Media,G,G04e,4,e,NA,NA
2019,Verizon Media,G,G05,5,NA,100,100
2019,Verizon Media,G,G06a,6,a,22.22,22.22
2019,Verizon Media,G,G06b,6,b,NA,NA
2019,Verizon Media,F,F01a,1,a,100,100
2019,Verizon Media,F,F01b,1,b,NA,NA
2019,Verizon Media,F,F01c,1,c,NA,NA
2019,Verizon Media,F,F01d,1,d,NA,NA
2019,Verizon Media,F,F02a,2,a,25,25
2019,Verizon Media,F,F02b,2,b,NA,NA
2019,Verizon Media,F,F02c,2,c,NA,NA
2019,Verizon Media,F,F02d,2,d,NA,NA
2019,Verizon Media,F,F03a,3,a,66.67,66.67
2019,Verizon Media,F,F03b,3,b,NA,NA
2019,Verizon Media,F,F03c,3,c,NA,NA
2019,Verizon Media,F,F04a,4,a,NA,NA
2019,Verizon Media,F,F04b,4,b,NA,NA
2019,Verizon Media,F,F04c,4,c,NA,NA
2019,Verizon Media,F,F05a,5,a,NA,NA
2019,Verizon Media,F,F05b,5,b,NA,NA
2019,Verizon Media,F,F06,6,NA,NA,NA
2019,Verizon Media,F,F07,7,NA,NA,NA
2019,Verizon Media,F,F08,8,NA,50,50
2019,Verizon Media,F,F09,9,NA,NA,NA
2019,Verizon Media,F,F10,10,NA,NA,NA
2019,Verizon Media,F,F11,11,NA,0,0
2019,Verizon Media,F,F12,12,NA,NA,NA
2019,Verizon Media,F,F13,13,NA,NA,NA
2019,Verizon Media,P,P01a,1,a,100,100
2019,Verizon Media,P,P01b,1,b,NA,NA
2019,Verizon Media,P,P02a,2,a,12.5,12.5
2019,Verizon Media,P,P02b,2,b,NA,NA
2019,Verizon Media,P,P03a,3,a,66.67,66.67
2019,Verizon Media,P,P03b,3,b,NA,NA
2019,Verizon Media,P,P04,4,NA,62.5,62.5
2019,Verizon Media,P,P05,5,NA,50,50
2019,Verizon Media,P,P06,6,NA,50,50
2019,Verizon Media,P,P07,7,NA,50,50
2019,Verizon Media,P,P08,8,NA,62.5,62.5
2019,Verizon Media,P,P09,9,NA,60,60
2019,Verizon Media,P,P10a,10,a,100,100
2019,Verizon Media,P,P10b,10,b,0,0
2019,Verizon Media,P,P11a,11,a,65,65
2019,Verizon Media,P,P11b,11,b,0,0
2019,Verizon Media,P,P12,12,NA,66.67,66.67
2019,Verizon Media,P,P13,13,NA,33.33,33.33
2019,Verizon Media,P,P14,14,NA,66.67,66.67
2019,Verizon Media,P,P15,15,NA,0,0
2019,Verizon Media,P,P16,16,NA,50,50
2019,Verizon Media,P,P17,17,NA,100,100
2019,Verizon Media,P,P18,18,NA,100,100
2019,Vodafone,G,G01,1,NA,100,100
2019,Vodafone,G,G02,2,NA,100,100
2019,Vodafone,G,G03,3,NA,100,100
2019,Vodafone,G,G04a,4,a,75,75
2019,Vodafone,G,G04b,4,b,0,0
2019,Vodafone,G,G04c,4,c,0,0
2019,Vodafone,G,G04d,4,d,0,0
2019,Vodafone,G,G04e,4,e,NA,NA
2019,Vodafone,G,G05,5,NA,100,100
2019,Vodafone,G,G06a,6,a,44.44,44.44
2019,Vodafone,G,G06b,6,b,NA,NA
2019,Vodafone,F,F01a,1,a,83.33,83.33
2019,Vodafone,F,F01b,1,b,NA,NA
2019,Vodafone,F,F01c,1,c,NA,NA
2019,Vodafone,F,F01d,1,d,NA,NA
2019,Vodafone,F,F02a,2,a,31.25,31.25
2019,Vodafone,F,F02b,2,b,NA,NA
2019,Vodafone,F,F02c,2,c,NA,NA
2019,Vodafone,F,F02d,2,d,NA,NA
2019,Vodafone,F,F03a,3,a,53.34,53.34
2019,Vodafone,F,F03b,3,b,NA,NA
2019,Vodafone,F,F03c,3,c,NA,NA
2019,Vodafone,F,F04a,4,a,NA,NA
2019,Vodafone,F,F04b,4,b,NA,NA
2019,Vodafone,F,F04c,4,c,NA,NA
2019,Vodafone,F,F05a,5,a,100,100
2019,Vodafone,F,F05b,5,b,40,40
2019,Vodafone,F,F06,6,NA,0,0
2019,Vodafone,F,F07,7,NA,0,0
2019,Vodafone,F,F08,8,NA,8.34,8.34
2019,Vodafone,F,F09,9,NA,100,100
2019,Vodafone,F,F10,10,NA,50,50
2019,Vodafone,F,F11,11,NA,100,100
2019,Vodafone,F,F12,12,NA,NA,NA
2019,Vodafone,F,F13,13,NA,NA,NA
2019,Vodafone,P,P01a,1,a,100,100
2019,Vodafone,P,P01b,1,b,NA,NA
2019,Vodafone,P,P02a,2,a,12.5,12.5
2019,Vodafone,P,P02b,2,b,NA,NA
2019,Vodafone,P,P03a,3,a,50,50
2019,Vodafone,P,P03b,3,b,NA,NA
2019,Vodafone,P,P04,4,NA,50,50
2019,Vodafone,P,P05,5,NA,25,25
2019,Vodafone,P,P06,6,NA,20,20
2019,Vodafone,P,P07,7,NA,25,25
2019,Vodafone,P,P08,8,NA,50,50
2019,Vodafone,P,P09,9,NA,NA,NA
2019,Vodafone,P,P10a,10,a,92.86,92.86
2019,Vodafone,P,P10b,10,b,0,0
2019,Vodafone,P,P11a,11,a,45,45
2019,Vodafone,P,P11b,11,b,0,0
2019,Vodafone,P,P12,12,NA,0,0
2019,Vodafone,P,P13,13,NA,50,50
2019,Vodafone,P,P14,14,NA,0,0
2019,Vodafone,P,P15,15,NA,100,100
2019,Vodafone,P,P16,16,NA,NA,NA
2019,Vodafone,P,P17,17,NA,NA,NA
2019,Vodafone,P,P18,18,NA,100,100
2019,Yandex,G,G01,1,NA,100,100
2019,Yandex,G,G02,2,NA,0,0
2019,Yandex,G,G03,3,NA,50,50
2019,Yandex,G,G04a,4,a,16.67,16.67
2019,Yandex,G,G04b,4,b,0,0
2019,Yandex,G,G04c,4,c,0,0
2019,Yandex,G,G04d,4,d,0,0
2019,Yandex,G,G04e,4,e,NA,NA
2019,Yandex,G,G05,5,NA,0,0
2019,Yandex,G,G06a,6,a,22.22,22.22
2019,Yandex,G,G06b,6,b,NA,NA
2019,Yandex,F,F01a,1,a,66.67,66.67
2019,Yandex,F,F01b,1,b,NA,NA
2019,Yandex,F,F01c,1,c,NA,NA
2019,Yandex,F,F01d,1,d,NA,NA
2019,Yandex,F,F02a,2,a,25,25
2019,Yandex,F,F02b,2,b,NA,NA
2019,Yandex,F,F02c,2,c,NA,NA
2019,Yandex,F,F02d,2,d,NA,NA
2019,Yandex,F,F03a,3,a,79.17,79.17
2019,Yandex,F,F03b,3,b,NA,NA
2019,Yandex,F,F03c,3,c,NA,NA
2019,Yandex,F,F04a,4,a,NA,NA
2019,Yandex,F,F04b,4,b,NA,NA
2019,Yandex,F,F04c,4,c,NA,NA
2019,Yandex,F,F05a,5,a,7.15,7.15
2019,Yandex,F,F05b,5,b,50,50
2019,Yandex,F,F06,6,NA,0,0
2019,Yandex,F,F07,7,NA,0,0
2019,Yandex,F,F08,8,NA,25,25
2019,Yandex,F,F09,9,NA,NA,NA
2019,Yandex,F,F10,10,NA,NA,NA
2019,Yandex,F,F11,11,NA,0,0
2019,Yandex,F,F12,12,NA,NA,NA
2019,Yandex,F,F13,13,NA,NA,NA
2019,Yandex,P,P01a,1,a,83.33,83.33
2019,Yandex,P,P01b,1,b,NA,NA
2019,Yandex,P,P02a,2,a,50,50
2019,Yandex,P,P02b,2,b,NA,NA
2019,Yandex,P,P03a,3,a,66.67,66.67
2019,Yandex,P,P03b,3,b,NA,NA
2019,Yandex,P,P04,4,NA,50,50
2019,Yandex,P,P05,5,NA,25,25
2019,Yandex,P,P06,6,NA,0,0
2019,Yandex,P,P07,7,NA,37.5,37.5
2019,Yandex,P,P08,8,NA,0,0
2019,Yandex,P,P09,9,NA,0,0
2019,Yandex,P,P10a,10,a,28.57,28.57
2019,Yandex,P,P10b,10,b,0,0
2019,Yandex,P,P11a,11,a,0,0
2019,Yandex,P,P11b,11,b,0,0
2019,Yandex,P,P12,12,NA,0,0
2019,Yandex,P,P13,13,NA,16.67,16.67
2019,Yandex,P,P14,14,NA,66.67,66.67
2019,Yandex,P,P15,15,NA,0,0
2019,Yandex,P,P16,16,NA,66.67,66.67
2019,Yandex,P,P17,17,NA,100,100
2019,Yandex,P,P18,18,NA,100,100
2020,Alibaba,G,G01,1,NA,0,0
2020,Alibaba,G,G02,2,NA,16.67,16.67
2020,Alibaba,G,G03,3,NA,18.75,18.75
2020,Alibaba,G,G04a,4,a,0,0
2020,Alibaba,G,G04b,4,b,0,0
2020,Alibaba,G,G04c,4,c,0,0
2020,Alibaba,G,G04d,4,d,0,0
2020,Alibaba,G,G04e,4,e,NA,NA
2020,Alibaba,G,G05,5,NA,0,0
2020,Alibaba,G,G06a,6,a,5.56,5.56
2020,Alibaba,G,G06b,6,b,0,NA
2020,Alibaba,F,F01a,1,a,50,50
2020,Alibaba,F,F01b,1,b,47.92,NA
2020,Alibaba,F,F01c,1,c,66.66,NA
2020,Alibaba,F,F01d,1,d,0,NA
2020,Alibaba,F,F02a,2,a,37.5,37.5
2020,Alibaba,F,F02b,2,b,0,NA
2020,Alibaba,F,F02c,2,c,0,NA
2020,Alibaba,F,F02d,2,d,0,NA
2020,Alibaba,F,F03a,3,a,75,75
2020,Alibaba,F,F03b,3,b,25,NA
2020,Alibaba,F,F03c,3,c,0,NA
2020,Alibaba,F,F04a,4,a,0,NA
2020,Alibaba,F,F04b,4,b,0,NA
2020,Alibaba,F,F04c,4,c,0,NA
2020,Alibaba,F,F05a,5,a,7.15,7.15
2020,Alibaba,F,F05b,5,b,15,15
2020,Alibaba,F,F06,6,NA,0,0
2020,Alibaba,F,F07,7,NA,0,0
2020,Alibaba,F,F08,8,NA,18.75,18.75
2020,Alibaba,F,F09,9,NA,NA,NA
2020,Alibaba,F,F10,10,NA,NA,NA
2020,Alibaba,F,F11,11,NA,0,0
2020,Alibaba,F,F12,12,NA,35,NA
2020,Alibaba,F,F13,13,NA,NA,NA
2020,Alibaba,P,P01a,1,a,75,75
2020,Alibaba,P,P01b,1,b,0,NA
2020,Alibaba,P,P02a,2,a,35,37.5
2020,Alibaba,P,P02b,2,b,0,NA
2020,Alibaba,P,P03a,3,a,66.66,83.33
2020,Alibaba,P,P03b,3,b,33.33,NA
2020,Alibaba,P,P04,4,NA,52.09,62.5
2020,Alibaba,P,P05,5,NA,60,62.5
2020,Alibaba,P,P06,6,NA,17.15,20
2020,Alibaba,P,P07,7,NA,35.07,43.75
2020,Alibaba,P,P08,8,NA,0,0
2020,Alibaba,P,P09,9,NA,8.34,30
2020,Alibaba,P,P10a,10,a,7.14,7.14
2020,Alibaba,P,P10b,10,b,0,0
2020,Alibaba,P,P11a,11,a,0,0
2020,Alibaba,P,P11b,11,b,0,0
2020,Alibaba,P,P12,12,NA,33.33,33.33
2020,Alibaba,P,P13,13,NA,66.67,66.67
2020,Alibaba,P,P14,14,NA,36.11,39.28
2020,Alibaba,P,P15,15,NA,83.33,83.33
2020,Alibaba,P,P16,16,NA,37.5,37.5
2020,Alibaba,P,P17,17,NA,58.33,58.33
2020,Alibaba,P,P18,18,NA,50,50
2020,Amazon,G,G01,1,NA,33.33,50
2020,Amazon,G,G02,2,NA,0,0
2020,Amazon,G,G03,3,NA,0,0
2020,Amazon,G,G04a,4,a,0,0
2020,Amazon,G,G04b,4,b,0,0
2020,Amazon,G,G04c,4,c,0,0
2020,Amazon,G,G04d,4,d,0,0
2020,Amazon,G,G04e,4,e,NA,NA
2020,Amazon,G,G05,5,NA,0,0
2020,Amazon,G,G06a,6,a,0,0
2020,Amazon,G,G06b,6,b,0,NA
2020,Amazon,F,F01a,1,a,77.78,77.78
2020,Amazon,F,F01b,1,b,45.83,NA
2020,Amazon,F,F01c,1,c,91.67,NA
2020,Amazon,F,F01d,1,d,0,NA
2020,Amazon,F,F02a,2,a,12.5,12.5
2020,Amazon,F,F02b,2,b,0,NA
2020,Amazon,F,F02c,2,c,0,NA
2020,Amazon,F,F02d,2,d,0,NA
2020,Amazon,F,F03a,3,a,11.43,17.78
2020,Amazon,F,F03b,3,b,55.56,NA
2020,Amazon,F,F03c,3,c,33.33,NA
2020,Amazon,F,F04a,4,a,0,NA
2020,Amazon,F,F04b,4,b,0,NA
2020,Amazon,F,F04c,4,c,0,NA
2020,Amazon,F,F05a,5,a,0,0
2020,Amazon,F,F05b,5,b,0,0
2020,Amazon,F,F06,6,NA,0,0
2020,Amazon,F,F07,7,NA,0,0
2020,Amazon,F,F08,8,NA,0,0
2020,Amazon,F,F09,9,NA,NA,NA
2020,Amazon,F,F10,10,NA,NA,NA
2020,Amazon,F,F11,11,NA,50,50
2020,Amazon,F,F12,12,NA,0,NA
2020,Amazon,F,F13,13,NA,12.5,NA
2020,Amazon,P,P01a,1,a,95.83,100
2020,Amazon,P,P01b,1,b,0,NA
2020,Amazon,P,P02a,2,a,11.67,12.5
2020,Amazon,P,P02b,2,b,0,NA
2020,Amazon,P,P03a,3,a,35.55,33.33
2020,Amazon,P,P03b,3,b,0,NA
2020,Amazon,P,P04,4,NA,44.44,50
2020,Amazon,P,P05,5,NA,30,37.5
2020,Amazon,P,P06,6,NA,0,0
2020,Amazon,P,P07,7,NA,9.72,18.33
2020,Amazon,P,P08,8,NA,0,0
2020,Amazon,P,P09,9,NA,33.33,30
2020,Amazon,P,P10a,10,a,64.29,64.29
2020,Amazon,P,P10b,10,b,0,0
2020,Amazon,P,P11a,11,a,45,45
2020,Amazon,P,P11b,11,b,0,0
2020,Amazon,P,P12,12,NA,33.33,33.33
2020,Amazon,P,P13,13,NA,0,0
2020,Amazon,P,P14,14,NA,64.81,67.46
2020,Amazon,P,P15,15,NA,0,0
2020,Amazon,P,P16,16,NA,8.33,8.33
2020,Amazon,P,P17,17,NA,50,50
2020,Amazon,P,P18,18,NA,100,100
2020,AmericaMovil,G,G01,1,NA,66.67,100
2020,AmericaMovil,G,G02,2,NA,83.33,83.33
2020,AmericaMovil,G,G03,3,NA,100,100
2020,AmericaMovil,G,G04a,4,a,0,0
2020,AmericaMovil,G,G04b,4,b,0,0
2020,AmericaMovil,G,G04c,4,c,0,0
2020,AmericaMovil,G,G04d,4,d,0,0
2020,AmericaMovil,G,G04e,4,e,0,NA
2020,AmericaMovil,G,G05,5,NA,0,0
2020,AmericaMovil,G,G06a,6,a,55.56,55.56
2020,AmericaMovil,G,G06b,6,b,NA,NA
2020,AmericaMovil,F,F01a,1,a,66.67,66.67
2020,AmericaMovil,F,F01b,1,b,0,NA
2020,AmericaMovil,F,F01c,1,c,0,NA
2020,AmericaMovil,F,F01d,1,d,0,NA
2020,AmericaMovil,F,F02a,2,a,50,50
2020,AmericaMovil,F,F02b,2,b,0,NA
2020,AmericaMovil,F,F02c,2,c,0,NA
2020,AmericaMovil,F,F02d,2,d,0,NA
2020,AmericaMovil,F,F03a,3,a,50,83.33
2020,AmericaMovil,F,F03b,3,b,0,NA
2020,AmericaMovil,F,F03c,3,c,20,NA
2020,AmericaMovil,F,F04a,4,a,0,NA
2020,AmericaMovil,F,F04b,4,b,0,NA
2020,AmericaMovil,F,F04c,4,c,0,NA
2020,AmericaMovil,F,F05a,5,a,0,0
2020,AmericaMovil,F,F05b,5,b,0,0
2020,AmericaMovil,F,F06,6,NA,0,0
2020,AmericaMovil,F,F07,7,NA,0,0
2020,AmericaMovil,F,F08,8,NA,0,0
2020,AmericaMovil,F,F09,9,NA,50,25
2020,AmericaMovil,F,F10,10,NA,0,0
2020,AmericaMovil,F,F11,11,NA,0,0
2020,AmericaMovil,F,F12,12,NA,NA,NA
2020,AmericaMovil,F,F13,13,NA,NA,NA
2020,AmericaMovil,P,P01a,1,a,100,100
2020,AmericaMovil,P,P01b,1,b,0,NA
2020,AmericaMovil,P,P02a,2,a,0,0
2020,AmericaMovil,P,P02b,2,b,0,NA
2020,AmericaMovil,P,P03a,3,a,16.67,16.67
2020,AmericaMovil,P,P03b,3,b,0,NA
2020,AmericaMovil,P,P04,4,NA,50,50
2020,AmericaMovil,P,P05,5,NA,30,25
2020,AmericaMovil,P,P06,6,NA,0,0
2020,AmericaMovil,P,P07,7,NA,18.75,37.5
2020,AmericaMovil,P,P08,8,NA,8.33,12.5
2020,AmericaMovil,P,P09,9,NA,12.5,NA
2020,AmericaMovil,P,P10a,10,a,14.29,14.29
2020,AmericaMovil,P,P10b,10,b,0,0
2020,AmericaMovil,P,P11a,11,a,0,0
2020,AmericaMovil,P,P11b,11,b,0,0
2020,AmericaMovil,P,P12,12,NA,0,0
2020,AmericaMovil,P,P13,13,NA,66.67,66.67
2020,AmericaMovil,P,P14,14,NA,0,0
2020,AmericaMovil,P,P15,15,NA,0,0
2020,AmericaMovil,P,P16,16,NA,NA,NA
2020,AmericaMovil,P,P17,17,NA,NA,NA
2020,AmericaMovil,P,P18,18,NA,100,100
2020,Apple,G,G01,1,NA,66.67,100
2020,Apple,G,G02,2,NA,100,100
2020,Apple,G,G03,3,NA,87.5,87.5
2020,Apple,G,G04a,4,a,36.36,58.33
2020,Apple,G,G04b,4,b,0,0
2020,Apple,G,G04c,4,c,0,0
2020,Apple,G,G04d,4,d,6.25,25
2020,Apple,G,G04e,4,e,NA,NA
2020,Apple,G,G05,5,NA,16.67,25
2020,Apple,G,G06a,6,a,20.37,20.37
2020,Apple,G,G06b,6,b,6.82,NA
2020,Apple,F,F01a,1,a,61.11,61.11
2020,Apple,F,F01b,1,b,8.33,NA
2020,Apple,F,F01c,1,c,25,NA
2020,Apple,F,F01d,1,d,0,NA
2020,Apple,F,F02a,2,a,16.67,16.67
2020,Apple,F,F02b,2,b,0,NA
2020,Apple,F,F02c,2,c,0,NA
2020,Apple,F,F02d,2,d,0,NA
2020,Apple,F,F03a,3,a,54.29,57.78
2020,Apple,F,F03b,3,b,22.22,NA
2020,Apple,F,F03c,3,c,26.67,NA
2020,Apple,F,F04a,4,a,0,NA
2020,Apple,F,F04b,4,b,0,NA
2020,Apple,F,F04c,4,c,0,NA
2020,Apple,F,F05a,5,a,100,100
2020,Apple,F,F05b,5,b,16.67,16.67
2020,Apple,F,F06,6,NA,60.37,60.37
2020,Apple,F,F07,7,NA,0,0
2020,Apple,F,F08,8,NA,12.5,12.5
2020,Apple,F,F09,9,NA,NA,NA
2020,Apple,F,F10,10,NA,NA,NA
2020,Apple,F,F11,11,NA,50,50
2020,Apple,F,F12,12,NA,0,NA
2020,Apple,F,F13,13,NA,0,NA
2020,Apple,P,P01a,1,a,100,100
2020,Apple,P,P01b,1,b,0,NA
2020,Apple,P,P02a,2,a,23.33,23.33
2020,Apple,P,P02b,2,b,0,NA
2020,Apple,P,P03a,3,a,42.22,42.22
2020,Apple,P,P03b,3,b,0,NA
2020,Apple,P,P04,4,NA,44.44,44.44
2020,Apple,P,P05,5,NA,40,50
2020,Apple,P,P06,6,NA,36.19,36.19
2020,Apple,P,P07,7,NA,33.8,41.67
2020,Apple,P,P08,8,NA,68.26,93.33
2020,Apple,P,P09,9,NA,20,100
2020,Apple,P,P10a,10,a,100,100
2020,Apple,P,P10b,10,b,50,50
2020,Apple,P,P11a,11,a,80,80
2020,Apple,P,P11b,11,b,0,0
2020,Apple,P,P12,12,NA,66.67,66.67
2020,Apple,P,P13,13,NA,100,100
2020,Apple,P,P14,14,NA,41.67,41.67
2020,Apple,P,P15,15,NA,66.67,66.67
2020,Apple,P,P16,16,NA,79.17,79.17
2020,Apple,P,P17,17,NA,83.33,83.33
2020,Apple,P,P18,18,NA,100,100
2020,ATT,G,G01,1,NA,83.33,100
2020,ATT,G,G02,2,NA,100,100
2020,ATT,G,G03,3,NA,87.5,87.5
2020,ATT,G,G04a,4,a,27.27,50
2020,ATT,G,G04b,4,b,0,0
2020,ATT,G,G04c,4,c,0,0
2020,ATT,G,G04d,4,d,0,0
2020,ATT,G,G04e,4,e,0,NA
2020,ATT,G,G05,5,NA,33.33,50
2020,ATT,G,G06a,6,a,33.33,33.33
2020,ATT,G,G06b,6,b,NA,NA
2020,ATT,F,F01a,1,a,83.33,83.33
2020,ATT,F,F01b,1,b,0,NA
2020,ATT,F,F01c,1,c,100,NA
2020,ATT,F,F01d,1,d,0,NA
2020,ATT,F,F02a,2,a,31.25,31.25
2020,ATT,F,F02b,2,b,0,NA
2020,ATT,F,F02c,2,c,25,NA
2020,ATT,F,F02d,2,d,0,NA
2020,ATT,F,F03a,3,a,65,71.67
2020,ATT,F,F03b,3,b,0,NA
2020,ATT,F,F03c,3,c,30,NA
2020,ATT,F,F04a,4,a,0,NA
2020,ATT,F,F04b,4,b,0,NA
2020,ATT,F,F04c,4,c,0,NA
2020,ATT,F,F05a,5,a,7.14,7.14
2020,ATT,F,F05b,5,b,30,30
2020,ATT,F,F06,6,NA,30,30
2020,ATT,F,F07,7,NA,0,0
2020,ATT,F,F08,8,NA,33.33,33.33
2020,ATT,F,F09,9,NA,66.67,50
2020,ATT,F,F10,10,NA,12.5,12.5
2020,ATT,F,F11,11,NA,0,0
2020,ATT,F,F12,12,NA,NA,NA
2020,ATT,F,F13,13,NA,NA,NA
2020,ATT,P,P01a,1,a,100,100
2020,ATT,P,P01b,1,b,0,NA
2020,ATT,P,P02a,2,a,12.5,12.5
2020,ATT,P,P02b,2,b,0,NA
2020,ATT,P,P03a,3,a,33.33,33.33
2020,ATT,P,P03b,3,b,33.33,NA
2020,ATT,P,P04,4,NA,50,50
2020,ATT,P,P05,5,NA,40,37.5
2020,ATT,P,P06,6,NA,0,0
2020,ATT,P,P07,7,NA,25,37.5
2020,ATT,P,P08,8,NA,45.84,68.75
2020,ATT,P,P09,9,NA,12.5,NA
2020,ATT,P,P10a,10,a,100,100
2020,ATT,P,P10b,10,b,0,0
2020,ATT,P,P11a,11,a,80,80
2020,ATT,P,P11b,11,b,0,0
2020,ATT,P,P12,12,NA,0,0
2020,ATT,P,P13,13,NA,83.33,83.33
2020,ATT,P,P14,14,NA,25,25
2020,ATT,P,P15,15,NA,50,50
2020,ATT,P,P16,16,NA,NA,NA
2020,ATT,P,P17,17,NA,NA,NA
2020,ATT,P,P18,18,NA,100,100
2020,Axiata,G,G01,1,NA,16.67,25
2020,Axiata,G,G02,2,NA,50,50
2020,Axiata,G,G03,3,NA,50,50
2020,Axiata,G,G04a,4,a,6.82,12.5
2020,Axiata,G,G04b,4,b,0,0
2020,Axiata,G,G04c,4,c,0,0
2020,Axiata,G,G04d,4,d,0,0
2020,Axiata,G,G04e,4,e,0,NA
2020,Axiata,G,G05,5,NA,0,0
2020,Axiata,G,G06a,6,a,16.67,16.67
2020,Axiata,G,G06b,6,b,NA,NA
2020,Axiata,F,F01a,1,a,83.33,83.33
2020,Axiata,F,F01b,1,b,25,NA
2020,Axiata,F,F01c,1,c,0,NA
2020,Axiata,F,F01d,1,d,0,NA
2020,Axiata,F,F02a,2,a,0,0
2020,Axiata,F,F02b,2,b,0,NA
2020,Axiata,F,F02c,2,c,0,NA
2020,Axiata,F,F02d,2,d,0,NA
2020,Axiata,F,F03a,3,a,17.15,26.67
2020,Axiata,F,F03b,3,b,8.34,NA
2020,Axiata,F,F03c,3,c,0,NA
2020,Axiata,F,F04a,4,a,0,NA
2020,Axiata,F,F04b,4,b,0,NA
2020,Axiata,F,F04c,4,c,0,NA
2020,Axiata,F,F05a,5,a,0,0
2020,Axiata,F,F05b,5,b,0,0
2020,Axiata,F,F06,6,NA,0,0
2020,Axiata,F,F07,7,NA,0,0
2020,Axiata,F,F08,8,NA,0,0
2020,Axiata,F,F09,9,NA,33.33,50
2020,Axiata,F,F10,10,NA,6.25,6.25
2020,Axiata,F,F11,11,NA,0,0
2020,Axiata,F,F12,12,NA,NA,NA
2020,Axiata,F,F13,13,NA,NA,NA
2020,Axiata,P,P01a,1,a,83.33,83.33
2020,Axiata,P,P01b,1,b,0,NA
2020,Axiata,P,P02a,2,a,37.5,37.5
2020,Axiata,P,P02b,2,b,0,NA
2020,Axiata,P,P03a,3,a,33.33,33.33
2020,Axiata,P,P03b,3,b,16.67,NA
2020,Axiata,P,P04,4,NA,25,25
2020,Axiata,P,P05,5,NA,40,37.5
2020,Axiata,P,P06,6,NA,0,0
2020,Axiata,P,P07,7,NA,0,0
2020,Axiata,P,P08,8,NA,0,0
2020,Axiata,P,P09,9,NA,0,NA
2020,Axiata,P,P10a,10,a,14.29,14.29
2020,Axiata,P,P10b,10,b,0,0
2020,Axiata,P,P11a,11,a,0,0
2020,Axiata,P,P11b,11,b,0,0
2020,Axiata,P,P12,12,NA,0,0
2020,Axiata,P,P13,13,NA,50,50
2020,Axiata,P,P14,14,NA,0,0
2020,Axiata,P,P15,15,NA,0,0
2020,Axiata,P,P16,16,NA,NA,NA
2020,Axiata,P,P17,17,NA,NA,NA
2020,Axiata,P,P18,18,NA,100,100
2020,Baidu,G,G01,1,NA,16.67,25
2020,Baidu,G,G02,2,NA,16.67,16.67
2020,Baidu,G,G03,3,NA,25,25
2020,Baidu,G,G04a,4,a,4.55,8.33
2020,Baidu,G,G04b,4,b,0,0
2020,Baidu,G,G04c,4,c,0,0
2020,Baidu,G,G04d,4,d,0,0
2020,Baidu,G,G04e,4,e,NA,NA
2020,Baidu,G,G05,5,NA,0,0
2020,Baidu,G,G06a,6,a,7.41,7.41
2020,Baidu,G,G06b,6,b,4.55,NA
2020,Baidu,F,F01a,1,a,72.22,72.22
2020,Baidu,F,F01b,1,b,55.55,NA
2020,Baidu,F,F01c,1,c,0,NA
2020,Baidu,F,F01d,1,d,0,NA
2020,Baidu,F,F02a,2,a,0,0
2020,Baidu,F,F02b,2,b,0,NA
2020,Baidu,F,F02c,2,c,0,NA
2020,Baidu,F,F02d,2,d,0,NA
2020,Baidu,F,F03a,3,a,45.4,56.94
2020,Baidu,F,F03b,3,b,44.44,NA
2020,Baidu,F,F03c,3,c,20,NA
2020,Baidu,F,F04a,4,a,41.67,NA
2020,Baidu,F,F04b,4,b,35,NA
2020,Baidu,F,F04c,4,c,16.67,NA
2020,Baidu,F,F05a,5,a,7.14,7.14
2020,Baidu,F,F05b,5,b,3.33,3.33
2020,Baidu,F,F06,6,NA,0,0
2020,Baidu,F,F07,7,NA,0,0
2020,Baidu,F,F08,8,NA,0,0
2020,Baidu,F,F09,9,NA,NA,NA
2020,Baidu,F,F10,10,NA,NA,NA
2020,Baidu,F,F11,11,NA,0,0
2020,Baidu,F,F12,12,NA,30,NA
2020,Baidu,F,F13,13,NA,0,NA
2020,Baidu,P,P01a,1,a,88.89,88.89
2020,Baidu,P,P01b,1,b,0,NA
2020,Baidu,P,P02a,2,a,25,25
2020,Baidu,P,P02b,2,b,0,NA
2020,Baidu,P,P03a,3,a,88.89,88.89
2020,Baidu,P,P03b,3,b,22.22,NA
2020,Baidu,P,P04,4,NA,54.17,54.17
2020,Baidu,P,P05,5,NA,50,62.5
2020,Baidu,P,P06,6,NA,0,0
2020,Baidu,P,P07,7,NA,12.5,20.83
2020,Baidu,P,P08,8,NA,8.33,12.5
2020,Baidu,P,P09,9,NA,11.11,13.33
2020,Baidu,P,P10a,10,a,0,0
2020,Baidu,P,P10b,10,b,0,0
2020,Baidu,P,P11a,11,a,0,0
2020,Baidu,P,P11b,11,b,0,0
2020,Baidu,P,P12,12,NA,16.67,16.67
2020,Baidu,P,P13,13,NA,83.33,83.33
2020,Baidu,P,P14,14,NA,33.33,33.33
2020,Baidu,P,P15,15,NA,83.33,83.33
2020,Baidu,P,P16,16,NA,16.67,16.67
2020,Baidu,P,P17,17,NA,83.33,83.33
2020,Baidu,P,P18,18,NA,100,100
2020,Bharti Airtel,G,G01,1,NA,66.67,100
2020,Bharti Airtel,G,G02,2,NA,16.67,16.67
2020,Bharti Airtel,G,G03,3,NA,75,75
2020,Bharti Airtel,G,G04a,4,a,40.91,16.67
2020,Bharti Airtel,G,G04b,4,b,0,0
2020,Bharti Airtel,G,G04c,4,c,0,0
2020,Bharti Airtel,G,G04d,4,d,0,0
2020,Bharti Airtel,G,G04e,4,e,NA,NA
2020,Bharti Airtel,G,G05,5,NA,0,0
2020,Bharti Airtel,G,G06a,6,a,22.22,22.22
2020,Bharti Airtel,G,G06b,6,b,NA,NA
2020,Bharti Airtel,F,F01a,1,a,50,50
2020,Bharti Airtel,F,F01b,1,b,0,NA
2020,Bharti Airtel,F,F01c,1,c,0,NA
2020,Bharti Airtel,F,F01d,1,d,0,NA
2020,Bharti Airtel,F,F02a,2,a,0,0
2020,Bharti Airtel,F,F02b,2,b,0,NA
2020,Bharti Airtel,F,F02c,2,c,0,NA
2020,Bharti Airtel,F,F02d,2,d,0,NA
2020,Bharti Airtel,F,F03a,3,a,20.72,31.67
2020,Bharti Airtel,F,F03b,3,b,0,NA
2020,Bharti Airtel,F,F03c,3,c,0,NA
2020,Bharti Airtel,F,F04a,4,a,0,NA
2020,Bharti Airtel,F,F04b,4,b,0,NA
2020,Bharti Airtel,F,F04c,4,c,0,NA
2020,Bharti Airtel,F,F05a,5,a,0,0
2020,Bharti Airtel,F,F05b,5,b,0,0
2020,Bharti Airtel,F,F06,6,NA,0,0
2020,Bharti Airtel,F,F07,7,NA,0,0
2020,Bharti Airtel,F,F08,8,NA,0,0
2020,Bharti Airtel,F,F09,9,NA,0,0
2020,Bharti Airtel,F,F10,10,NA,6.25,6.25
2020,Bharti Airtel,F,F11,11,NA,0,0
2020,Bharti Airtel,F,F12,12,NA,NA,NA
2020,Bharti Airtel,F,F13,13,NA,NA,NA
2020,Bharti Airtel,P,P01a,1,a,66.67,66.67
2020,Bharti Airtel,P,P01b,1,b,0,NA
2020,Bharti Airtel,P,P02a,2,a,0,0
2020,Bharti Airtel,P,P02b,2,b,0,NA
2020,Bharti Airtel,P,P03a,3,a,33.33,33.33
2020,Bharti Airtel,P,P03b,3,b,0,NA
2020,Bharti Airtel,P,P04,4,NA,37.5,37.5
2020,Bharti Airtel,P,P05,5,NA,20,25
2020,Bharti Airtel,P,P06,6,NA,0,0
2020,Bharti Airtel,P,P07,7,NA,25,50
2020,Bharti Airtel,P,P08,8,NA,8.33,12.5
2020,Bharti Airtel,P,P09,9,NA,0,NA
2020,Bharti Airtel,P,P10a,10,a,7.14,7.14
2020,Bharti Airtel,P,P10b,10,b,0,0
2020,Bharti Airtel,P,P11a,11,a,0,0
2020,Bharti Airtel,P,P11b,11,b,0,0
2020,Bharti Airtel,P,P12,12,NA,0,0
2020,Bharti Airtel,P,P13,13,NA,50,50
2020,Bharti Airtel,P,P14,14,NA,0,0
2020,Bharti Airtel,P,P15,15,NA,0,0
2020,Bharti Airtel,P,P16,16,NA,NA,NA
2020,Bharti Airtel,P,P17,17,NA,NA,NA
2020,Bharti Airtel,P,P18,18,NA,100,100
2020,DeutscheTelekom,G,G01,1,NA,66.67,100
2020,DeutscheTelekom,G,G02,2,NA,33.33,33.33
2020,DeutscheTelekom,G,G03,3,NA,87.5,87.5
2020,DeutscheTelekom,G,G04a,4,a,72.73,83.33
2020,DeutscheTelekom,G,G04b,4,b,0,0
2020,DeutscheTelekom,G,G04c,4,c,0,0
2020,DeutscheTelekom,G,G04d,4,d,12.5,50
2020,DeutscheTelekom,G,G04e,4,e,0,NA
2020,DeutscheTelekom,G,G05,5,NA,0,0
2020,DeutscheTelekom,G,G06a,6,a,44.44,44.44
2020,DeutscheTelekom,G,G06b,6,b,NA,NA
2020,DeutscheTelekom,F,F01a,1,a,100,100
2020,DeutscheTelekom,F,F01b,1,b,0,NA
2020,DeutscheTelekom,F,F01c,1,c,0,NA
2020,DeutscheTelekom,F,F01d,1,d,0,NA
2020,DeutscheTelekom,F,F02a,2,a,37.5,37.5
2020,DeutscheTelekom,F,F02b,2,b,0,NA
2020,DeutscheTelekom,F,F02c,2,c,0,NA
2020,DeutscheTelekom,F,F02d,2,d,0,NA
2020,DeutscheTelekom,F,F03a,3,a,25.72,26.67
2020,DeutscheTelekom,F,F03b,3,b,0,NA
2020,DeutscheTelekom,F,F03c,3,c,0,NA
2020,DeutscheTelekom,F,F04a,4,a,0,NA
2020,DeutscheTelekom,F,F04b,4,b,0,NA
2020,DeutscheTelekom,F,F04c,4,c,0,NA
2020,DeutscheTelekom,F,F05a,5,a,0,0
2020,DeutscheTelekom,F,F05b,5,b,10,10
2020,DeutscheTelekom,F,F06,6,NA,0,0
2020,DeutscheTelekom,F,F07,7,NA,0,0
2020,DeutscheTelekom,F,F08,8,NA,0,0
2020,DeutscheTelekom,F,F09,9,NA,33.33,0
2020,DeutscheTelekom,F,F10,10,NA,9.38,9.38
2020,DeutscheTelekom,F,F11,11,NA,0,0
2020,DeutscheTelekom,F,F12,12,NA,NA,NA
2020,DeutscheTelekom,F,F13,13,NA,NA,NA
2020,DeutscheTelekom,P,P01a,1,a,100,100
2020,DeutscheTelekom,P,P01b,1,b,0,NA
2020,DeutscheTelekom,P,P02a,2,a,0,0
2020,DeutscheTelekom,P,P02b,2,b,0,NA
2020,DeutscheTelekom,P,P03a,3,a,83.33,83.33
2020,DeutscheTelekom,P,P03b,3,b,0,NA
2020,DeutscheTelekom,P,P04,4,NA,75,75
2020,DeutscheTelekom,P,P05,5,NA,60,75
2020,DeutscheTelekom,P,P06,6,NA,70,70
2020,DeutscheTelekom,P,P07,7,NA,31.25,62.5
2020,DeutscheTelekom,P,P08,8,NA,50,75
2020,DeutscheTelekom,P,P09,9,NA,50,NA
2020,DeutscheTelekom,P,P10a,10,a,92.86,92.86
2020,DeutscheTelekom,P,P10b,10,b,20,20
2020,DeutscheTelekom,P,P11a,11,a,40,40
2020,DeutscheTelekom,P,P11b,11,b,0,0
2020,DeutscheTelekom,P,P12,12,NA,0,0
2020,DeutscheTelekom,P,P13,13,NA,100,100
2020,DeutscheTelekom,P,P14,14,NA,12.5,12.5
2020,DeutscheTelekom,P,P15,15,NA,66.67,66.67
2020,DeutscheTelekom,P,P16,16,NA,NA,NA
2020,DeutscheTelekom,P,P17,17,NA,NA,NA
2020,DeutscheTelekom,P,P18,18,NA,100,100
2020,Etisalat,G,G01,1,NA,8.34,12.5
2020,Etisalat,G,G02,2,NA,8.33,8.33
2020,Etisalat,G,G03,3,NA,37.5,37.5
2020,Etisalat,G,G04a,4,a,0,0
2020,Etisalat,G,G04b,4,b,0,0
2020,Etisalat,G,G04c,4,c,0,0
2020,Etisalat,G,G04d,4,d,0,0
2020,Etisalat,G,G04e,4,e,0,NA
2020,Etisalat,G,G05,5,NA,0,0
2020,Etisalat,G,G06a,6,a,22.22,22.22
2020,Etisalat,G,G06b,6,b,NA,NA
2020,Etisalat,F,F01a,1,a,83.33,83.33
2020,Etisalat,F,F01b,1,b,66.67,NA
2020,Etisalat,F,F01c,1,c,0,NA
2020,Etisalat,F,F01d,1,d,0,NA
2020,Etisalat,F,F02a,2,a,0,0
2020,Etisalat,F,F02b,2,b,0,NA
2020,Etisalat,F,F02c,2,c,0,NA
2020,Etisalat,F,F02d,2,d,0,NA
2020,Etisalat,F,F03a,3,a,60,80
2020,Etisalat,F,F03b,3,b,16.67,NA
2020,Etisalat,F,F03c,3,c,0,NA
2020,Etisalat,F,F04a,4,a,0,NA
2020,Etisalat,F,F04b,4,b,0,NA
2020,Etisalat,F,F04c,4,c,0,NA
2020,Etisalat,F,F05a,5,a,0,0
2020,Etisalat,F,F05b,5,b,0,0
2020,Etisalat,F,F06,6,NA,0,0
2020,Etisalat,F,F07,7,NA,0,0
2020,Etisalat,F,F08,8,NA,16.67,16.67
2020,Etisalat,F,F09,9,NA,0,0
2020,Etisalat,F,F10,10,NA,12.5,12.5
2020,Etisalat,F,F11,11,NA,0,0
2020,Etisalat,F,F12,12,NA,NA,NA
2020,Etisalat,F,F13,13,NA,NA,NA
2020,Etisalat,P,P01a,1,a,100,100
2020,Etisalat,P,P01b,1,b,0,NA
2020,Etisalat,P,P02a,2,a,0,0
2020,Etisalat,P,P02b,2,b,0,NA
2020,Etisalat,P,P03a,3,a,16.67,16.67
2020,Etisalat,P,P03b,3,b,0,NA
2020,Etisalat,P,P04,4,NA,25,25
2020,Etisalat,P,P05,5,NA,0,0
2020,Etisalat,P,P06,6,NA,0,0
2020,Etisalat,P,P07,7,NA,0,0
2020,Etisalat,P,P08,8,NA,25,37.5
2020,Etisalat,P,P09,9,NA,0,NA
2020,Etisalat,P,P10a,10,a,0,0
2020,Etisalat,P,P10b,10,b,0,0
2020,Etisalat,P,P11a,11,a,0,0
2020,Etisalat,P,P11b,11,b,0,0
2020,Etisalat,P,P12,12,NA,0,0
2020,Etisalat,P,P13,13,NA,83.33,83.33
2020,Etisalat,P,P14,14,NA,0,0
2020,Etisalat,P,P15,15,NA,0,0
2020,Etisalat,P,P16,16,NA,NA,NA
2020,Etisalat,P,P17,17,NA,NA,NA
2020,Etisalat,P,P18,18,NA,0,0
2020,Facebook,G,G01,1,NA,66.67,100
2020,Facebook,G,G02,2,NA,100,100
2020,Facebook,G,G03,3,NA,87.5,87.5
2020,Facebook,G,G04a,4,a,90.91,83.33
2020,Facebook,G,G04b,4,b,33.33,25
2020,Facebook,G,G04c,4,c,25,0
2020,Facebook,G,G04d,4,d,25,0
2020,Facebook,G,G04e,4,e,0,NA
2020,Facebook,G,G05,5,NA,75,100
2020,Facebook,G,G06a,6,a,9.73,9.73
2020,Facebook,G,G06b,6,b,35.23,NA
2020,Facebook,F,F01a,1,a,100,100
2020,Facebook,F,F01b,1,b,91.67,NA
2020,Facebook,F,F01c,1,c,79.16,NA
2020,Facebook,F,F01d,1,d,0,NA
2020,Facebook,F,F02a,2,a,34.38,34.38
2020,Facebook,F,F02b,2,b,0,NA
2020,Facebook,F,F02c,2,c,0,NA
2020,Facebook,F,F02d,2,d,0,NA
2020,Facebook,F,F03a,3,a,80.72,75.83
2020,Facebook,F,F03b,3,b,41.67,NA
2020,Facebook,F,F03c,3,c,38.75,NA
2020,Facebook,F,F04a,4,a,16.67,NA
2020,Facebook,F,F04b,4,b,22.5,NA
2020,Facebook,F,F04c,4,c,0,NA
2020,Facebook,F,F05a,5,a,46.43,46.43
2020,Facebook,F,F05b,5,b,42.5,42.5
2020,Facebook,F,F06,6,NA,20,20
2020,Facebook,F,F07,7,NA,25,25
2020,Facebook,F,F08,8,NA,50,50
2020,Facebook,F,F09,9,NA,NA,NA
2020,Facebook,F,F10,10,NA,NA,NA
2020,Facebook,F,F11,11,NA,50,50
2020,Facebook,F,F12,12,NA,40,NA
2020,Facebook,F,F13,13,NA,18.75,NA
2020,Facebook,P,P01a,1,a,100,100
2020,Facebook,P,P01b,1,b,0,NA
2020,Facebook,P,P02a,2,a,31.25,31.25
2020,Facebook,P,P02b,2,b,0,NA
2020,Facebook,P,P03a,3,a,54.17,54.17
2020,Facebook,P,P03b,3,b,25,NA
2020,Facebook,P,P04,4,NA,53.13,53.13
2020,Facebook,P,P05,5,NA,47.5,50
2020,Facebook,P,P06,6,NA,35,35
2020,Facebook,P,P07,7,NA,10.94,21.88
2020,Facebook,P,P08,8,NA,68.75,84.38
2020,Facebook,P,P09,9,NA,25,45
2020,Facebook,P,P10a,10,a,100,100
2020,Facebook,P,P10b,10,b,0,0
2020,Facebook,P,P11a,11,a,80,80
2020,Facebook,P,P11b,11,b,0,0
2020,Facebook,P,P12,12,NA,66.67,66.67
2020,Facebook,P,P13,13,NA,25,25
2020,Facebook,P,P14,14,NA,66.67,66.67
2020,Facebook,P,P15,15,NA,8.34,8.34
2020,Facebook,P,P16,16,NA,62.5,62.5
2020,Facebook,P,P17,17,NA,58.33,58.33
2020,Facebook,P,P18,18,NA,100,100
2020,Google,G,G01,1,NA,83.33,100
2020,Google,G,G02,2,NA,50,50
2020,Google,G,G03,3,NA,100,100
2020,Google,G,G04a,4,a,72.73,83.33
2020,Google,G,G04b,4,b,0,0
2020,Google,G,G04c,4,c,0,0
2020,Google,G,G04d,4,d,0,0
2020,Google,G,G04e,4,e,NA,NA
2020,Google,G,G05,5,NA,75,100
2020,Google,G,G06a,6,a,23.33,23.33
2020,Google,G,G06b,6,b,25,NA
2020,Google,F,F01a,1,a,90,90
2020,Google,F,F01b,1,b,82.5,NA
2020,Google,F,F01c,1,c,82.5,NA
2020,Google,F,F01d,1,d,10,NA
2020,Google,F,F02a,2,a,32.5,32.5
2020,Google,F,F02b,2,b,24,NA
2020,Google,F,F02c,2,c,24,NA
2020,Google,F,F02d,2,d,0,NA
2020,Google,F,F03a,3,a,74.29,78.67
2020,Google,F,F03b,3,b,86.66,NA
2020,Google,F,F03c,3,c,60,NA
2020,Google,F,F04a,4,a,13.33,NA
2020,Google,F,F04b,4,b,10,NA
2020,Google,F,F04c,4,c,25,NA
2020,Google,F,F05a,5,a,100,100
2020,Google,F,F05b,5,b,65,65
2020,Google,F,F06,6,NA,82.22,82.22
2020,Google,F,F07,7,NA,19.45,19.45
2020,Google,F,F08,8,NA,40,40
2020,Google,F,F09,9,NA,NA,NA
2020,Google,F,F10,10,NA,NA,NA
2020,Google,F,F11,11,NA,75,75
2020,Google,F,F12,12,NA,33.33,NA
2020,Google,F,F13,13,NA,0,NA
2020,Google,P,P01a,1,a,95,95
2020,Google,P,P01b,1,b,0,NA
2020,Google,P,P02a,2,a,48,48
2020,Google,P,P02b,2,b,0,NA
2020,Google,P,P03a,3,a,61.34,61.34
2020,Google,P,P03b,3,b,33.33,NA
2020,Google,P,P04,4,NA,46.67,46.67
2020,Google,P,P05,5,NA,50,62.5
2020,Google,P,P06,6,NA,37.71,37.71
2020,Google,P,P07,7,NA,19.44,38
2020,Google,P,P08,8,NA,56.66,72
2020,Google,P,P09,9,NA,31.11,56
2020,Google,P,P10a,10,a,100,100
2020,Google,P,P10b,10,b,20,20
2020,Google,P,P11a,11,a,75,75
2020,Google,P,P11b,11,b,0,0
2020,Google,P,P12,12,NA,66.67,66.67
2020,Google,P,P13,13,NA,33.33,33.33
2020,Google,P,P14,14,NA,35,35
2020,Google,P,P15,15,NA,0,0
2020,Google,P,P16,16,NA,65,65
2020,Google,P,P17,17,NA,100,100
2020,Google,P,P18,18,NA,100,100
2020,Kakao,G,G01,1,NA,66.67,75
2020,Kakao,G,G02,2,NA,33.33,33.33
2020,Kakao,G,G03,3,NA,50,50
2020,Kakao,G,G04a,4,a,18.18,33.33
2020,Kakao,G,G04b,4,b,0,0
2020,Kakao,G,G04c,4,c,0,0
2020,Kakao,G,G04d,4,d,0,0
2020,Kakao,G,G04e,4,e,NA,NA
2020,Kakao,G,G05,5,NA,50,100
2020,Kakao,G,G06a,6,a,40.74,40.74
2020,Kakao,G,G06b,6,b,18.18,NA
2020,Kakao,F,F01a,1,a,83.33,83.33
2020,Kakao,F,F01b,1,b,50,NA
2020,Kakao,F,F01c,1,c,0,NA
2020,Kakao,F,F01d,1,d,0,NA
2020,Kakao,F,F02a,2,a,75,75
2020,Kakao,F,F02b,2,b,0,NA
2020,Kakao,F,F02c,2,c,0,NA
2020,Kakao,F,F02d,2,d,0,NA
2020,Kakao,F,F03a,3,a,41.67,68.05
2020,Kakao,F,F03b,3,b,33.33,NA
2020,Kakao,F,F03c,3,c,30,NA
2020,Kakao,F,F04a,4,a,41.67,NA
2020,Kakao,F,F04b,4,b,50,NA
2020,Kakao,F,F04c,4,c,0,NA
2020,Kakao,F,F05a,5,a,50,50
2020,Kakao,F,F05b,5,b,90,90
2020,Kakao,F,F06,6,NA,50,50
2020,Kakao,F,F07,7,NA,55.56,55.56
2020,Kakao,F,F08,8,NA,50,50
2020,Kakao,F,F09,9,NA,NA,NA
2020,Kakao,F,F10,10,NA,NA,NA
2020,Kakao,F,F11,11,NA,50,50
2020,Kakao,F,F12,12,NA,0,NA
2020,Kakao,F,F13,13,NA,25,NA
2020,Kakao,P,P01a,1,a,100,100
2020,Kakao,P,P01b,1,b,0,NA
2020,Kakao,P,P02a,2,a,66.67,66.67
2020,Kakao,P,P02b,2,b,0,NA
2020,Kakao,P,P03a,3,a,83.33,83.33
2020,Kakao,P,P03b,3,b,0,NA
2020,Kakao,P,P04,4,NA,79.17,79.17
2020,Kakao,P,P05,5,NA,30,37.5
2020,Kakao,P,P06,6,NA,33.33,33.33
2020,Kakao,P,P07,7,NA,18.75,37.5
2020,Kakao,P,P08,8,NA,22.22,33.33
2020,Kakao,P,P09,9,NA,0,0
2020,Kakao,P,P10a,10,a,85.71,85.71
2020,Kakao,P,P10b,10,b,0,0
2020,Kakao,P,P11a,11,a,75,75
2020,Kakao,P,P11b,11,b,0,0
2020,Kakao,P,P12,12,NA,16.67,16.67
2020,Kakao,P,P13,13,NA,100,100
2020,Kakao,P,P14,14,NA,16.67,16.67
2020,Kakao,P,P15,15,NA,50,50
2020,Kakao,P,P16,16,NA,25,25
2020,Kakao,P,P17,17,NA,91.67,91.67
2020,Kakao,P,P18,18,NA,100,100
2020,Mail.Ru,G,G01,1,NA,66.67,100
2020,Mail.Ru,G,G02,2,NA,16.67,16.67
2020,Mail.Ru,G,G03,3,NA,25,25
2020,Mail.Ru,G,G04a,4,a,0,0
2020,Mail.Ru,G,G04b,4,b,0,0
2020,Mail.Ru,G,G04c,4,c,0,0
2020,Mail.Ru,G,G04d,4,d,0,0
2020,Mail.Ru,G,G04e,4,e,0,NA
2020,Mail.Ru,G,G05,5,NA,0,0
2020,Mail.Ru,G,G06a,6,a,33.33,33.33
2020,Mail.Ru,G,G06b,6,b,4.55,NA
2020,Mail.Ru,F,F01a,1,a,70.84,70.84
2020,Mail.Ru,F,F01b,1,b,70.84,NA
2020,Mail.Ru,F,F01c,1,c,62.5,NA
2020,Mail.Ru,F,F01d,1,d,0,NA
2020,Mail.Ru,F,F02a,2,a,0,0
2020,Mail.Ru,F,F02b,2,b,0,NA
2020,Mail.Ru,F,F02c,2,c,0,NA
2020,Mail.Ru,F,F02d,2,d,0,NA
2020,Mail.Ru,F,F03a,3,a,69.29,77.5
2020,Mail.Ru,F,F03b,3,b,33.33,NA
2020,Mail.Ru,F,F03c,3,c,20,NA
2020,Mail.Ru,F,F04a,4,a,0,NA
2020,Mail.Ru,F,F04b,4,b,0,NA
2020,Mail.Ru,F,F04c,4,c,0,NA
2020,Mail.Ru,F,F05a,5,a,0,0
2020,Mail.Ru,F,F05b,5,b,6.67,6.67
2020,Mail.Ru,F,F06,6,NA,0,0
2020,Mail.Ru,F,F07,7,NA,0,0
2020,Mail.Ru,F,F08,8,NA,0,0
2020,Mail.Ru,F,F09,9,NA,NA,NA
2020,Mail.Ru,F,F10,10,NA,NA,NA
2020,Mail.Ru,F,F11,11,NA,75,75
2020,Mail.Ru,F,F12,12,NA,10,NA
2020,Mail.Ru,F,F13,13,NA,25,NA
2020,Mail.Ru,P,P01a,1,a,70.84,70.84
2020,Mail.Ru,P,P01b,1,b,0,NA
2020,Mail.Ru,P,P02a,2,a,0,0
2020,Mail.Ru,P,P02b,2,b,0,NA
2020,Mail.Ru,P,P03a,3,a,66.67,66.67
2020,Mail.Ru,P,P03b,3,b,16.67,NA
2020,Mail.Ru,P,P04,4,NA,50,50
2020,Mail.Ru,P,P05,5,NA,35,37.5
2020,Mail.Ru,P,P06,6,NA,20,20
2020,Mail.Ru,P,P07,7,NA,23.44,46.88
2020,Mail.Ru,P,P08,8,NA,2.08,0
2020,Mail.Ru,P,P09,9,NA,12.5,22.5
2020,Mail.Ru,P,P10a,10,a,80.35,80.35
2020,Mail.Ru,P,P10b,10,b,0,0
2020,Mail.Ru,P,P11a,11,a,0,0
2020,Mail.Ru,P,P11b,11,b,0,0
2020,Mail.Ru,P,P12,12,NA,33.33,33.33
2020,Mail.Ru,P,P13,13,NA,45.83,45.83
2020,Mail.Ru,P,P14,14,NA,58.34,58.34
2020,Mail.Ru,P,P15,15,NA,0,0
2020,Mail.Ru,P,P16,16,NA,12.5,12.5
2020,Mail.Ru,P,P17,17,NA,91.67,91.67
2020,Mail.Ru,P,P18,18,NA,100,100
2020,Microsoft,G,G01,1,NA,83.33,100
2020,Microsoft,G,G02,2,NA,100,100
2020,Microsoft,G,G03,3,NA,100,100
2020,Microsoft,G,G04a,4,a,100,100
2020,Microsoft,G,G04b,4,b,11.11,50
2020,Microsoft,G,G04c,4,c,0,0
2020,Microsoft,G,G04d,4,d,25,50
2020,Microsoft,G,G04e,4,e,NA,NA
2020,Microsoft,G,G05,5,NA,75,100
2020,Microsoft,G,G06a,6,a,33.33,33.33
2020,Microsoft,G,G06b,6,b,13.64,NA
2020,Microsoft,F,F01a,1,a,91.67,91.67
2020,Microsoft,F,F01b,1,b,83.33,NA
2020,Microsoft,F,F01c,1,c,66.67,NA
2020,Microsoft,F,F01d,1,d,12.5,NA
2020,Microsoft,F,F02a,2,a,59.38,59.38
2020,Microsoft,F,F02b,2,b,25,NA
2020,Microsoft,F,F02c,2,c,50,NA
2020,Microsoft,F,F02d,2,d,9.38,NA
2020,Microsoft,F,F03a,3,a,53.75,71.87
2020,Microsoft,F,F03b,3,b,37.5,NA
2020,Microsoft,F,F03c,3,c,30,NA
2020,Microsoft,F,F04a,4,a,25,NA
2020,Microsoft,F,F04b,4,b,20,NA
2020,Microsoft,F,F04c,4,c,10.42,NA
2020,Microsoft,F,F05a,5,a,57.14,57.14
2020,Microsoft,F,F05b,5,b,40,40
2020,Microsoft,F,F06,6,NA,31.67,31.67
2020,Microsoft,F,F07,7,NA,38.89,38.89
2020,Microsoft,F,F08,8,NA,12.5,12.5
2020,Microsoft,F,F09,9,NA,NA,NA
2020,Microsoft,F,F10,10,NA,NA,NA
2020,Microsoft,F,F11,11,NA,100,100
2020,Microsoft,F,F12,12,NA,40,NA
2020,Microsoft,F,F13,13,NA,25,NA
2020,Microsoft,P,P01a,1,a,66.67,66.67
2020,Microsoft,P,P01b,1,b,0,NA
2020,Microsoft,P,P02a,2,a,50,50
2020,Microsoft,P,P02b,2,b,0,NA
2020,Microsoft,P,P03a,3,a,50,50
2020,Microsoft,P,P03b,3,b,33.33,NA
2020,Microsoft,P,P04,4,NA,50,50
2020,Microsoft,P,P05,5,NA,40,50
2020,Microsoft,P,P06,6,NA,35,35
2020,Microsoft,P,P07,7,NA,20.31,40.63
2020,Microsoft,P,P08,8,NA,29.17,43.75
2020,Microsoft,P,P09,9,NA,33.33,40
2020,Microsoft,P,P10a,10,a,100,100
2020,Microsoft,P,P10b,10,b,30,30
2020,Microsoft,P,P11a,11,a,70,70
2020,Microsoft,P,P11b,11,b,0,0
2020,Microsoft,P,P12,12,NA,66.67,66.67
2020,Microsoft,P,P13,13,NA,83.33,83.33
2020,Microsoft,P,P14,14,NA,83.33,83.33
2020,Microsoft,P,P15,15,NA,25,25
2020,Microsoft,P,P16,16,NA,62.5,62.5
2020,Microsoft,P,P17,17,NA,94.44,94.44
2020,Microsoft,P,P18,18,NA,100,100
2020,MTN,G,G01,1,NA,66.67,100
2020,MTN,G,G02,2,NA,100,100
2020,MTN,G,G03,3,NA,100,100
2020,MTN,G,G04a,4,a,22.73,33.33
2020,MTN,G,G04b,4,b,0,0
2020,MTN,G,G04c,4,c,0,0
2020,MTN,G,G04d,4,d,0,0
2020,MTN,G,G04e,4,e,0,NA
2020,MTN,G,G05,5,NA,0,0
2020,MTN,G,G06a,6,a,27.78,27.78
2020,MTN,G,G06b,6,b,NA,NA
2020,MTN,F,F01a,1,a,25,25
2020,MTN,F,F01b,1,b,0,NA
2020,MTN,F,F01c,1,c,16.67,NA
2020,MTN,F,F01d,1,d,0,NA
2020,MTN,F,F02a,2,a,6.25,6.25
2020,MTN,F,F02b,2,b,0,NA
2020,MTN,F,F02c,2,c,0,NA
2020,MTN,F,F02d,2,d,0,NA
2020,MTN,F,F03a,3,a,19.65,30.84
2020,MTN,F,F03b,3,b,0,NA
2020,MTN,F,F03c,3,c,10,NA
2020,MTN,F,F04a,4,a,0,NA
2020,MTN,F,F04b,4,b,0,NA
2020,MTN,F,F04c,4,c,0,NA
2020,MTN,F,F05a,5,a,35.71,35.71
2020,MTN,F,F05b,5,b,50,50
2020,MTN,F,F06,6,NA,0,0
2020,MTN,F,F07,7,NA,0,0
2020,MTN,F,F08,8,NA,25,25
2020,MTN,F,F09,9,NA,16.67,0
2020,MTN,F,F10,10,NA,31.25,31.25
2020,MTN,F,F11,11,NA,0,0
2020,MTN,F,F12,12,NA,NA,NA
2020,MTN,F,F13,13,NA,NA,NA
2020,MTN,P,P01a,1,a,66.67,66.67
2020,MTN,P,P01b,1,b,0,NA
2020,MTN,P,P02a,2,a,0,0
2020,MTN,P,P02b,2,b,0,NA
2020,MTN,P,P03a,3,a,33.33,33.33
2020,MTN,P,P03b,3,b,0,NA
2020,MTN,P,P04,4,NA,25,25
2020,MTN,P,P05,5,NA,20,25
2020,MTN,P,P06,6,NA,0,0
2020,MTN,P,P07,7,NA,12.5,25
2020,MTN,P,P08,8,NA,33.33,25
2020,MTN,P,P09,9,NA,0,NA
2020,MTN,P,P10a,10,a,35.71,35.71
2020,MTN,P,P10b,10,b,50,50
2020,MTN,P,P11a,11,a,0,0
2020,MTN,P,P11b,11,b,0,0
2020,MTN,P,P12,12,NA,0,0
2020,MTN,P,P13,13,NA,16.67,16.67
2020,MTN,P,P14,14,NA,75,75
2020,MTN,P,P15,15,NA,0,0
2020,MTN,P,P16,16,NA,NA,NA
2020,MTN,P,P17,17,NA,NA,NA
2020,MTN,P,P18,18,NA,50,50
2020,Ooredoo,G,G01,1,NA,8.34,12.5
2020,Ooredoo,G,G02,2,NA,0,0
2020,Ooredoo,G,G03,3,NA,18.75,18.75
2020,Ooredoo,G,G04a,4,a,0,0
2020,Ooredoo,G,G04b,4,b,0,0
2020,Ooredoo,G,G04c,4,c,0,0
2020,Ooredoo,G,G04d,4,d,0,0
2020,Ooredoo,G,G04e,4,e,0,NA
2020,Ooredoo,G,G05,5,NA,0,0
2020,Ooredoo,G,G06a,6,a,0,0
2020,Ooredoo,G,G06b,6,b,NA,NA
2020,Ooredoo,F,F01a,1,a,75,75
2020,Ooredoo,F,F01b,1,b,0,NA
2020,Ooredoo,F,F01c,1,c,0,NA
2020,Ooredoo,F,F01d,1,d,0,NA
2020,Ooredoo,F,F02a,2,a,12.5,12.5
2020,Ooredoo,F,F02b,2,b,0,NA
2020,Ooredoo,F,F02c,2,c,0,NA
2020,Ooredoo,F,F02d,2,d,0,NA
2020,Ooredoo,F,F03a,3,a,34.28,53.34
2020,Ooredoo,F,F03b,3,b,0,NA
2020,Ooredoo,F,F03c,3,c,0,NA
2020,Ooredoo,F,F04a,4,a,0,NA
2020,Ooredoo,F,F04b,4,b,0,NA
2020,Ooredoo,F,F04c,4,c,0,NA
2020,Ooredoo,F,F05a,5,a,0,0
2020,Ooredoo,F,F05b,5,b,0,0
2020,Ooredoo,F,F06,6,NA,0,0
2020,Ooredoo,F,F07,7,NA,0,0
2020,Ooredoo,F,F08,8,NA,0,0
2020,Ooredoo,F,F09,9,NA,0,0
2020,Ooredoo,F,F10,10,NA,6.25,6.25
2020,Ooredoo,F,F11,11,NA,0,0
2020,Ooredoo,F,F12,12,NA,NA,NA
2020,Ooredoo,F,F13,13,NA,NA,NA
2020,Ooredoo,P,P01a,1,a,66.67,66.67
2020,Ooredoo,P,P01b,1,b,0,NA
2020,Ooredoo,P,P02a,2,a,12.5,12.5
2020,Ooredoo,P,P02b,2,b,0,NA
2020,Ooredoo,P,P03a,3,a,50,50
2020,Ooredoo,P,P03b,3,b,0,NA
2020,Ooredoo,P,P04,4,NA,25,25
2020,Ooredoo,P,P05,5,NA,20,25
2020,Ooredoo,P,P06,6,NA,0,0
2020,Ooredoo,P,P07,7,NA,0,0
2020,Ooredoo,P,P08,8,NA,0,0
2020,Ooredoo,P,P09,9,NA,0,NA
2020,Ooredoo,P,P10a,10,a,0,0
2020,Ooredoo,P,P10b,10,b,0,0
2020,Ooredoo,P,P11a,11,a,0,0
2020,Ooredoo,P,P11b,11,b,0,0
2020,Ooredoo,P,P12,12,NA,0,0
2020,Ooredoo,P,P13,13,NA,0,0
2020,Ooredoo,P,P14,14,NA,0,0
2020,Ooredoo,P,P15,15,NA,16.67,16.67
2020,Ooredoo,P,P16,16,NA,NA,NA
2020,Ooredoo,P,P17,17,NA,NA,NA
2020,Ooredoo,P,P18,18,NA,0,0
2020,Orange,G,G01,1,NA,83.33,100
2020,Orange,G,G02,2,NA,100,100
2020,Orange,G,G03,3,NA,100,100
2020,Orange,G,G04a,4,a,90.91,83.33
2020,Orange,G,G04b,4,b,0,0
2020,Orange,G,G04c,4,c,0,0
2020,Orange,G,G04d,4,d,0,0
2020,Orange,G,G04e,4,e,0,NA
2020,Orange,G,G05,5,NA,83.33,100
2020,Orange,G,G06a,6,a,38.89,38.89
2020,Orange,G,G06b,6,b,NA,NA
2020,Orange,F,F01a,1,a,66.67,66.67
2020,Orange,F,F01b,1,b,0,NA
2020,Orange,F,F01c,1,c,50,NA
2020,Orange,F,F01d,1,d,0,NA
2020,Orange,F,F02a,2,a,12.5,12.5
2020,Orange,F,F02b,2,b,0,NA
2020,Orange,F,F02c,2,c,0,NA
2020,Orange,F,F02d,2,d,0,NA
2020,Orange,F,F03a,3,a,56.43,75
2020,Orange,F,F03b,3,b,0,NA
2020,Orange,F,F03c,3,c,20,NA
2020,Orange,F,F04a,4,a,0,NA
2020,Orange,F,F04b,4,b,0,NA
2020,Orange,F,F04c,4,c,0,NA
2020,Orange,F,F05a,5,a,42.86,42.86
2020,Orange,F,F05b,5,b,0,0
2020,Orange,F,F06,6,NA,0,0
2020,Orange,F,F07,7,NA,0,0
2020,Orange,F,F08,8,NA,16.67,16.67
2020,Orange,F,F09,9,NA,0,0
2020,Orange,F,F10,10,NA,25,25
2020,Orange,F,F11,11,NA,0,0
2020,Orange,F,F12,12,NA,NA,NA
2020,Orange,F,F13,13,NA,NA,NA
2020,Orange,P,P01a,1,a,100,100
2020,Orange,P,P01b,1,b,0,NA
2020,Orange,P,P02a,2,a,0,0
2020,Orange,P,P02b,2,b,0,NA
2020,Orange,P,P03a,3,a,50,50
2020,Orange,P,P03b,3,b,0,NA
2020,Orange,P,P04,4,NA,25,25
2020,Orange,P,P05,5,NA,40,50
2020,Orange,P,P06,6,NA,10,10
2020,Orange,P,P07,7,NA,15.63,31.25
2020,Orange,P,P08,8,NA,25,37.5
2020,Orange,P,P09,9,NA,0,NA
2020,Orange,P,P10a,10,a,35.71,35.71
2020,Orange,P,P10b,10,b,0,0
2020,Orange,P,P11a,11,a,20,20
2020,Orange,P,P11b,11,b,0,0
2020,Orange,P,P12,12,NA,0,0
2020,Orange,P,P13,13,NA,50,50
2020,Orange,P,P14,14,NA,25,25
2020,Orange,P,P15,15,NA,0,0
2020,Orange,P,P16,16,NA,NA,NA
2020,Orange,P,P17,17,NA,NA,NA
2020,Orange,P,P18,18,NA,100,100
2020,Samsung,G,G01,1,NA,83.33,100
2020,Samsung,G,G02,2,NA,33.33,33.33
2020,Samsung,G,G03,3,NA,50,50
2020,Samsung,G,G04a,4,a,18.18,33.33
2020,Samsung,G,G04b,4,b,0,0
2020,Samsung,G,G04c,4,c,0,0
2020,Samsung,G,G04d,4,d,0,0
2020,Samsung,G,G04e,4,e,NA,NA
2020,Samsung,G,G05,5,NA,0,0
2020,Samsung,G,G06a,6,a,11.11,11.11
2020,Samsung,G,G06b,6,b,0,NA
2020,Samsung,F,F01a,1,a,75,75
2020,Samsung,F,F01b,1,b,25,NA
2020,Samsung,F,F01c,1,c,0,NA
2020,Samsung,F,F01d,1,d,0,NA
2020,Samsung,F,F02a,2,a,75,75
2020,Samsung,F,F02b,2,b,0,NA
2020,Samsung,F,F02c,2,c,0,NA
2020,Samsung,F,F02d,2,d,0,NA
2020,Samsung,F,F03a,3,a,50,63.34
2020,Samsung,F,F03b,3,b,33.34,NA
2020,Samsung,F,F03c,3,c,0,NA
2020,Samsung,F,F04a,4,a,0,NA
2020,Samsung,F,F04b,4,b,0,NA
2020,Samsung,F,F04c,4,c,0,NA
2020,Samsung,F,F05a,5,a,0,0
2020,Samsung,F,F05b,5,b,0,0
2020,Samsung,F,F06,6,NA,0,0
2020,Samsung,F,F07,7,NA,0,0
2020,Samsung,F,F08,8,NA,25,25
2020,Samsung,F,F09,9,NA,NA,NA
2020,Samsung,F,F10,10,NA,NA,NA
2020,Samsung,F,F11,11,NA,50,50
2020,Samsung,F,F12,12,NA,0,NA
2020,Samsung,F,F13,13,NA,NA,NA
2020,Samsung,P,P01a,1,a,93.75,93.75
2020,Samsung,P,P01b,1,b,0,NA
2020,Samsung,P,P02a,2,a,55,55
2020,Samsung,P,P02b,2,b,0,NA
2020,Samsung,P,P03a,3,a,73.34,73.34
2020,Samsung,P,P03b,3,b,0,NA
2020,Samsung,P,P04,4,NA,68.75,68.75
2020,Samsung,P,P05,5,NA,30,37.5
2020,Samsung,P,P06,6,NA,27.86,27.86
2020,Samsung,P,P07,7,NA,26.39,50
2020,Samsung,P,P08,8,NA,19.05,27.5
2020,Samsung,P,P09,9,NA,0,0
2020,Samsung,P,P10a,10,a,0,0
2020,Samsung,P,P10b,10,b,0,0
2020,Samsung,P,P11a,11,a,0,0
2020,Samsung,P,P11b,11,b,0,0
2020,Samsung,P,P12,12,NA,0,0
2020,Samsung,P,P13,13,NA,75,75
2020,Samsung,P,P14,14,NA,22.22,22.22
2020,Samsung,P,P15,15,NA,0,0
2020,Samsung,P,P16,16,NA,0,0
2020,Samsung,P,P17,17,NA,33.33,33.33
2020,Samsung,P,P18,18,NA,0,0
2020,Telefonica,G,G01,1,NA,100,100
2020,Telefonica,G,G02,2,NA,100,100
2020,Telefonica,G,G03,3,NA,100,100
2020,Telefonica,G,G04a,4,a,100,100
2020,Telefonica,G,G04b,4,b,83.33,100
2020,Telefonica,G,G04c,4,c,0,0
2020,Telefonica,G,G04d,4,d,100,100
2020,Telefonica,G,G04e,4,e,0,NA
2020,Telefonica,G,G05,5,NA,83.33,100
2020,Telefonica,G,G06a,6,a,83.33,83.33
2020,Telefonica,G,G06b,6,b,NA,NA
2020,Telefonica,F,F01a,1,a,83.33,83.33
2020,Telefonica,F,F01b,1,b,83.33,NA
2020,Telefonica,F,F01c,1,c,50,NA
2020,Telefonica,F,F01d,1,d,83.33,NA
2020,Telefonica,F,F02a,2,a,81.25,81.25
2020,Telefonica,F,F02b,2,b,0,NA
2020,Telefonica,F,F02c,2,c,0,NA
2020,Telefonica,F,F02d,2,d,0,NA
2020,Telefonica,F,F03a,3,a,51.43,80
2020,Telefonica,F,F03b,3,b,33.33,NA
2020,Telefonica,F,F03c,3,c,20,NA
2020,Telefonica,F,F04a,4,a,0,NA
2020,Telefonica,F,F04b,4,b,0,NA
2020,Telefonica,F,F04c,4,c,0,NA
2020,Telefonica,F,F05a,5,a,92.86,92.86
2020,Telefonica,F,F05b,5,b,30,30
2020,Telefonica,F,F06,6,NA,70,70
2020,Telefonica,F,F07,7,NA,0,0
2020,Telefonica,F,F08,8,NA,0,0
2020,Telefonica,F,F09,9,NA,50,100
2020,Telefonica,F,F10,10,NA,68.75,68.75
2020,Telefonica,F,F11,11,NA,0,0
2020,Telefonica,F,F12,12,NA,NA,NA
2020,Telefonica,F,F13,13,NA,NA,NA
2020,Telefonica,P,P01a,1,a,100,100
2020,Telefonica,P,P01b,1,b,100,NA
2020,Telefonica,P,P02a,2,a,62.5,62.5
2020,Telefonica,P,P02b,2,b,0,NA
2020,Telefonica,P,P03a,3,a,83.33,83.33
2020,Telefonica,P,P03b,3,b,83.33,NA
2020,Telefonica,P,P04,4,NA,25,25
2020,Telefonica,P,P05,5,NA,50,50
2020,Telefonica,P,P06,6,NA,50,50
2020,Telefonica,P,P07,7,NA,18.75,37.5
2020,Telefonica,P,P08,8,NA,50,75
2020,Telefonica,P,P09,9,NA,12.5,NA
2020,Telefonica,P,P10a,10,a,92.86,92.86
2020,Telefonica,P,P10b,10,b,0,0
2020,Telefonica,P,P11a,11,a,85,85
2020,Telefonica,P,P11b,11,b,0,0
2020,Telefonica,P,P12,12,NA,0,0
2020,Telefonica,P,P13,13,NA,83.33,83.33
2020,Telefonica,P,P14,14,NA,25,25
2020,Telefonica,P,P15,15,NA,50,50
2020,Telefonica,P,P16,16,NA,NA,NA
2020,Telefonica,P,P17,17,NA,NA,NA
2020,Telefonica,P,P18,18,NA,100,100
2020,Telenor,G,G01,1,NA,83.33,100
2020,Telenor,G,G02,2,NA,100,100
2020,Telenor,G,G03,3,NA,100,100
2020,Telenor,G,G04a,4,a,81.82,83.33
2020,Telenor,G,G04b,4,b,0,0
2020,Telenor,G,G04c,4,c,0,0
2020,Telenor,G,G04d,4,d,0,0
2020,Telenor,G,G04e,4,e,0,NA
2020,Telenor,G,G05,5,NA,75,100
2020,Telenor,G,G06a,6,a,33.33,33.33
2020,Telenor,G,G06b,6,b,NA,NA
2020,Telenor,F,F01a,1,a,100,100
2020,Telenor,F,F01b,1,b,0,NA
2020,Telenor,F,F01c,1,c,66.67,NA
2020,Telenor,F,F01d,1,d,0,NA
2020,Telenor,F,F02a,2,a,25,25
2020,Telenor,F,F02b,2,b,0,NA
2020,Telenor,F,F02c,2,c,25,NA
2020,Telenor,F,F02d,2,d,0,NA
2020,Telenor,F,F03a,3,a,51.43,80
2020,Telenor,F,F03b,3,b,0,NA
2020,Telenor,F,F03c,3,c,20,NA
2020,Telenor,F,F04a,4,a,0,NA
2020,Telenor,F,F04b,4,b,0,NA
2020,Telenor,F,F04c,4,c,0,NA
2020,Telenor,F,F05a,5,a,78.57,78.57
2020,Telenor,F,F05b,5,b,10,10
2020,Telenor,F,F06,6,NA,50,50
2020,Telenor,F,F07,7,NA,0,0
2020,Telenor,F,F08,8,NA,33.33,33.33
2020,Telenor,F,F09,9,NA,33.34,25
2020,Telenor,F,F10,10,NA,68.75,68.75
2020,Telenor,F,F11,11,NA,0,0
2020,Telenor,F,F12,12,NA,NA,NA
2020,Telenor,F,F13,13,NA,NA,NA
2020,Telenor,P,P01a,1,a,83.33,83.33
2020,Telenor,P,P01b,1,b,0,NA
2020,Telenor,P,P02a,2,a,25,25
2020,Telenor,P,P02b,2,b,0,NA
2020,Telenor,P,P03a,3,a,33.33,33.33
2020,Telenor,P,P03b,3,b,0,NA
2020,Telenor,P,P04,4,NA,37.5,37.5
2020,Telenor,P,P05,5,NA,60,75
2020,Telenor,P,P06,6,NA,30,30
2020,Telenor,P,P07,7,NA,18.75,37.5
2020,Telenor,P,P08,8,NA,33.33,50
2020,Telenor,P,P09,9,NA,12.5,NA
2020,Telenor,P,P10a,10,a,78.57,78.57
2020,Telenor,P,P10b,10,b,0,0
2020,Telenor,P,P11a,11,a,75,75
2020,Telenor,P,P11b,11,b,0,0
2020,Telenor,P,P12,12,NA,0,0
2020,Telenor,P,P13,13,NA,50,50
2020,Telenor,P,P14,14,NA,4.17,4.17
2020,Telenor,P,P15,15,NA,33.33,33.33
2020,Telenor,P,P16,16,NA,NA,NA
2020,Telenor,P,P17,17,NA,NA,NA
2020,Telenor,P,P18,18,NA,100,100
2020,Tencent,G,G01,1,NA,16.67,25
2020,Tencent,G,G02,2,NA,0,0
2020,Tencent,G,G03,3,NA,0,0
2020,Tencent,G,G04a,4,a,0,0
2020,Tencent,G,G04b,4,b,0,0
2020,Tencent,G,G04c,4,c,0,0
2020,Tencent,G,G04d,4,d,0,0
2020,Tencent,G,G04e,4,e,NA,NA
2020,Tencent,G,G05,5,NA,0,0
2020,Tencent,G,G06a,6,a,0,0
2020,Tencent,G,G06b,6,b,10.61,NA
2020,Tencent,F,F01a,1,a,75,75
2020,Tencent,F,F01b,1,b,83.33,NA
2020,Tencent,F,F01c,1,c,83.33,NA
2020,Tencent,F,F01d,1,d,0,NA
2020,Tencent,F,F02a,2,a,0,0
2020,Tencent,F,F02b,2,b,0,NA
2020,Tencent,F,F02c,2,c,0,NA
2020,Tencent,F,F02d,2,d,0,NA
2020,Tencent,F,F03a,3,a,46.43,62.5
2020,Tencent,F,F03b,3,b,33.33,NA
2020,Tencent,F,F03c,3,c,20,NA
2020,Tencent,F,F04a,4,a,0,NA
2020,Tencent,F,F04b,4,b,30,NA
2020,Tencent,F,F04c,4,c,0,NA
2020,Tencent,F,F05a,5,a,0,0
2020,Tencent,F,F05b,5,b,32.5,32.5
2020,Tencent,F,F06,6,NA,0,0
2020,Tencent,F,F07,7,NA,0,0
2020,Tencent,F,F08,8,NA,0,0
2020,Tencent,F,F09,9,NA,NA,NA
2020,Tencent,F,F10,10,NA,NA,NA
2020,Tencent,F,F11,11,NA,0,0
2020,Tencent,F,F12,12,NA,50,NA
2020,Tencent,F,F13,13,NA,0,NA
2020,Tencent,P,P01a,1,a,91.67,91.67
2020,Tencent,P,P01b,1,b,0,NA
2020,Tencent,P,P02a,2,a,37.5,37.5
2020,Tencent,P,P02b,2,b,0,NA
2020,Tencent,P,P03a,3,a,100,100
2020,Tencent,P,P03b,3,b,33.33,NA
2020,Tencent,P,P04,4,NA,46.88,46.88
2020,Tencent,P,P05,5,NA,65,68.75
2020,Tencent,P,P06,6,NA,5,5
2020,Tencent,P,P07,7,NA,23.44,46.88
2020,Tencent,P,P08,8,NA,16.67,25
2020,Tencent,P,P09,9,NA,18.06,32.5
2020,Tencent,P,P10a,10,a,0,0
2020,Tencent,P,P10b,10,b,0,0
2020,Tencent,P,P11a,11,a,0,0
2020,Tencent,P,P11b,11,b,0,0
2020,Tencent,P,P12,12,NA,0,0
2020,Tencent,P,P13,13,NA,20.84,20.84
2020,Tencent,P,P14,14,NA,66.67,66.67
2020,Tencent,P,P15,15,NA,50,50
2020,Tencent,P,P16,16,NA,9.38,9.38
2020,Tencent,P,P17,17,NA,33.33,33.33
2020,Tencent,P,P18,18,NA,100,100
2020,Twitter,G,G01,1,NA,66.67,100
2020,Twitter,G,G02,2,NA,75,75
2020,Twitter,G,G03,3,NA,62.5,62.5
2020,Twitter,G,G04a,4,a,9.09,16.67
2020,Twitter,G,G04b,4,b,0,0
2020,Twitter,G,G04c,4,c,0,0
2020,Twitter,G,G04d,4,d,0,0
2020,Twitter,G,G04e,4,e,0,NA
2020,Twitter,G,G05,5,NA,50,75
2020,Twitter,G,G06a,6,a,33.33,33.33
2020,Twitter,G,G06b,6,b,18.18,NA
2020,Twitter,F,F01a,1,a,100,100
2020,Twitter,F,F01b,1,b,50,NA
2020,Twitter,F,F01c,1,c,83.33,NA
2020,Twitter,F,F01d,1,d,0,NA
2020,Twitter,F,F02a,2,a,37.5,37.5
2020,Twitter,F,F02b,2,b,12.5,NA
2020,Twitter,F,F02c,2,c,12.5,NA
2020,Twitter,F,F02d,2,d,0,NA
2020,Twitter,F,F03a,3,a,42.86,50
2020,Twitter,F,F03b,3,b,100,NA
2020,Twitter,F,F03c,3,c,60,NA
2020,Twitter,F,F04a,4,a,41.67,NA
2020,Twitter,F,F04b,4,b,50,NA
2020,Twitter,F,F04c,4,c,0,NA
2020,Twitter,F,F05a,5,a,100,100
2020,Twitter,F,F05b,5,b,70,70
2020,Twitter,F,F06,6,NA,80,80
2020,Twitter,F,F07,7,NA,60,60
2020,Twitter,F,F08,8,NA,62.5,62.5
2020,Twitter,F,F09,9,NA,NA,NA
2020,Twitter,F,F10,10,NA,NA,NA
2020,Twitter,F,F11,11,NA,100,100
2020,Twitter,F,F12,12,NA,40,NA
2020,Twitter,F,F13,13,NA,50,NA
2020,Twitter,P,P01a,1,a,100,100
2020,Twitter,P,P01b,1,b,0,NA
2020,Twitter,P,P02a,2,a,50,50
2020,Twitter,P,P02b,2,b,0,NA
2020,Twitter,P,P03a,3,a,66.67,66.67
2020,Twitter,P,P03b,3,b,33.33,NA
2020,Twitter,P,P04,4,NA,62.5,62.5
2020,Twitter,P,P05,5,NA,60,62.5
2020,Twitter,P,P06,6,NA,40,40
2020,Twitter,P,P07,7,NA,25,50
2020,Twitter,P,P08,8,NA,75,75
2020,Twitter,P,P09,9,NA,33.33,60
2020,Twitter,P,P10a,10,a,100,100
2020,Twitter,P,P10b,10,b,0,0
2020,Twitter,P,P11a,11,a,80,80
2020,Twitter,P,P11b,11,b,0,0
2020,Twitter,P,P12,12,NA,66.67,66.67
2020,Twitter,P,P13,13,NA,66.67,66.67
2020,Twitter,P,P14,14,NA,50,50
2020,Twitter,P,P15,15,NA,0,0
2020,Twitter,P,P16,16,NA,25,25
2020,Twitter,P,P17,17,NA,100,100
2020,Twitter,P,P18,18,NA,100,100
2020,Verizon Media,G,G01,1,NA,66.67,100
2020,Verizon Media,G,G02,2,NA,100,100
2020,Verizon Media,G,G03,3,NA,100,100
2020,Verizon Media,G,G04a,4,a,100,100
2020,Verizon Media,G,G04b,4,b,66.67,100
2020,Verizon Media,G,G04c,4,c,0,0
2020,Verizon Media,G,G04d,4,d,18.75,50
2020,Verizon Media,G,G04e,4,e,NA,NA
2020,Verizon Media,G,G05,5,NA,83.33,100
2020,Verizon Media,G,G06a,6,a,22.22,22.22
2020,Verizon Media,G,G06b,6,b,NA,NA
2020,Verizon Media,F,F01a,1,a,100,100
2020,Verizon Media,F,F01b,1,b,100,NA
2020,Verizon Media,F,F01c,1,c,100,NA
2020,Verizon Media,F,F01d,1,d,83.33,NA
2020,Verizon Media,F,F02a,2,a,25,25
2020,Verizon Media,F,F02b,2,b,12.5,NA
2020,Verizon Media,F,F02c,2,c,12.5,NA
2020,Verizon Media,F,F02d,2,d,0,NA
2020,Verizon Media,F,F03a,3,a,70,66.67
2020,Verizon Media,F,F03b,3,b,83.33,NA
2020,Verizon Media,F,F03c,3,c,70,NA
2020,Verizon Media,F,F04a,4,a,0,NA
2020,Verizon Media,F,F04b,4,b,0,NA
2020,Verizon Media,F,F04c,4,c,25,NA
2020,Verizon Media,F,F05a,5,a,NA,NA
2020,Verizon Media,F,F05b,5,b,NA,NA
2020,Verizon Media,F,F06,6,NA,NA,NA
2020,Verizon Media,F,F07,7,NA,NA,NA
2020,Verizon Media,F,F08,8,NA,50,50
2020,Verizon Media,F,F09,9,NA,NA,NA
2020,Verizon Media,F,F10,10,NA,NA,NA
2020,Verizon Media,F,F11,11,NA,0,0
2020,Verizon Media,F,F12,12,NA,NA,NA
2020,Verizon Media,F,F13,13,NA,NA,NA
2020,Verizon Media,P,P01a,1,a,100,100
2020,Verizon Media,P,P01b,1,b,0,NA
2020,Verizon Media,P,P02a,2,a,25,25
2020,Verizon Media,P,P02b,2,b,0,NA
2020,Verizon Media,P,P03a,3,a,66.67,66.67
2020,Verizon Media,P,P03b,3,b,33.33,NA
2020,Verizon Media,P,P04,4,NA,62.5,62.5
2020,Verizon Media,P,P05,5,NA,50,50
2020,Verizon Media,P,P06,6,NA,50,50
2020,Verizon Media,P,P07,7,NA,25,50
2020,Verizon Media,P,P08,8,NA,50,62.5
2020,Verizon Media,P,P09,9,NA,50,60
2020,Verizon Media,P,P10a,10,a,100,100
2020,Verizon Media,P,P10b,10,b,0,0
2020,Verizon Media,P,P11a,11,a,65,65
2020,Verizon Media,P,P11b,11,b,0,0
2020,Verizon Media,P,P12,12,NA,66.67,66.67
2020,Verizon Media,P,P13,13,NA,33.33,33.33
2020,Verizon Media,P,P14,14,NA,100,100
2020,Verizon Media,P,P15,15,NA,0,0
2020,Verizon Media,P,P16,16,NA,50,50
2020,Verizon Media,P,P17,17,NA,100,100
2020,Verizon Media,P,P18,18,NA,100,100
2020,Vodafone,G,G01,1,NA,100,100
2020,Vodafone,G,G02,2,NA,100,100
2020,Vodafone,G,G03,3,NA,100,100
2020,Vodafone,G,G04a,4,a,54.55,66.67
2020,Vodafone,G,G04b,4,b,0,0
2020,Vodafone,G,G04c,4,c,0,0
2020,Vodafone,G,G04d,4,d,0,0
2020,Vodafone,G,G04e,4,e,0,NA
2020,Vodafone,G,G05,5,NA,75,100
2020,Vodafone,G,G06a,6,a,44.44,44.44
2020,Vodafone,G,G06b,6,b,NA,NA
2020,Vodafone,F,F01a,1,a,83.33,83.33
2020,Vodafone,F,F01b,1,b,66.67,NA
2020,Vodafone,F,F01c,1,c,0,NA
2020,Vodafone,F,F01d,1,d,0,NA
2020,Vodafone,F,F02a,2,a,31.25,31.25
2020,Vodafone,F,F02b,2,b,0,NA
2020,Vodafone,F,F02c,2,c,0,NA
2020,Vodafone,F,F02d,2,d,0,NA
2020,Vodafone,F,F03a,3,a,42.86,53.34
2020,Vodafone,F,F03b,3,b,0,NA
2020,Vodafone,F,F03c,3,c,20,NA
2020,Vodafone,F,F04a,4,a,0,NA
2020,Vodafone,F,F04b,4,b,0,NA
2020,Vodafone,F,F04c,4,c,0,NA
2020,Vodafone,F,F05a,5,a,100,100
2020,Vodafone,F,F05b,5,b,40,40
2020,Vodafone,F,F06,6,NA,0,0
2020,Vodafone,F,F07,7,NA,0,0
2020,Vodafone,F,F08,8,NA,8.34,8.34
2020,Vodafone,F,F09,9,NA,62.5,100
2020,Vodafone,F,F10,10,NA,50,50
2020,Vodafone,F,F11,11,NA,100,100
2020,Vodafone,F,F12,12,NA,NA,NA
2020,Vodafone,F,F13,13,NA,NA,NA
2020,Vodafone,P,P01a,1,a,100,100
2020,Vodafone,P,P01b,1,b,0,NA
2020,Vodafone,P,P02a,2,a,12.5,12.5
2020,Vodafone,P,P02b,2,b,0,NA
2020,Vodafone,P,P03a,3,a,50,50
2020,Vodafone,P,P03b,3,b,33.33,NA
2020,Vodafone,P,P04,4,NA,62.5,62.5
2020,Vodafone,P,P05,5,NA,30,25
2020,Vodafone,P,P06,6,NA,20,20
2020,Vodafone,P,P07,7,NA,12.5,25
2020,Vodafone,P,P08,8,NA,33.33,50
2020,Vodafone,P,P09,9,NA,12.5,NA
2020,Vodafone,P,P10a,10,a,92.86,92.86
2020,Vodafone,P,P10b,10,b,0,0
2020,Vodafone,P,P11a,11,a,0,0
2020,Vodafone,P,P11b,11,b,0,0
2020,Vodafone,P,P12,12,NA,0,0
2020,Vodafone,P,P13,13,NA,66.67,66.67
2020,Vodafone,P,P14,14,NA,50,50
2020,Vodafone,P,P15,15,NA,100,100
2020,Vodafone,P,P16,16,NA,NA,NA
2020,Vodafone,P,P17,17,NA,NA,NA
2020,Vodafone,P,P18,18,NA,100,100
2020,Yandex,G,G01,1,NA,66.67,100
2020,Yandex,G,G02,2,NA,0,0
2020,Yandex,G,G03,3,NA,50,50
2020,Yandex,G,G04a,4,a,9.09,16.67
2020,Yandex,G,G04b,4,b,0,0
2020,Yandex,G,G04c,4,c,0,0
2020,Yandex,G,G04d,4,d,0,0
2020,Yandex,G,G04e,4,e,NA,NA
2020,Yandex,G,G05,5,NA,0,0
2020,Yandex,G,G06a,6,a,22.22,22.22
2020,Yandex,G,G06b,6,b,NA,NA
2020,Yandex,F,F01a,1,a,72.22,72.22
2020,Yandex,F,F01b,1,b,66.67,NA
2020,Yandex,F,F01c,1,c,66.67,NA
2020,Yandex,F,F01d,1,d,33.33,NA
2020,Yandex,F,F02a,2,a,25,25
2020,Yandex,F,F02b,2,b,25,NA
2020,Yandex,F,F02c,2,c,25,NA
2020,Yandex,F,F02d,2,d,0,NA
2020,Yandex,F,F03a,3,a,52.78,79.17
2020,Yandex,F,F03b,3,b,33.33,NA
2020,Yandex,F,F03c,3,c,20,NA
2020,Yandex,F,F04a,4,a,0,NA
2020,Yandex,F,F04b,4,b,0,NA
2020,Yandex,F,F04c,4,c,0,NA
2020,Yandex,F,F05a,5,a,0,0
2020,Yandex,F,F05b,5,b,40,40
2020,Yandex,F,F06,6,NA,0,0
2020,Yandex,F,F07,7,NA,0,0
2020,Yandex,F,F08,8,NA,25,25
2020,Yandex,F,F09,9,NA,NA,NA
2020,Yandex,F,F10,10,NA,NA,NA
2020,Yandex,F,F11,11,NA,0,0
2020,Yandex,F,F12,12,NA,40,NA
2020,Yandex,F,F13,13,NA,NA,NA
2020,Yandex,P,P01a,1,a,83.33,83.33
2020,Yandex,P,P01b,1,b,0,NA
2020,Yandex,P,P02a,2,a,50,50
2020,Yandex,P,P02b,2,b,0,NA
2020,Yandex,P,P03a,3,a,66.67,66.67
2020,Yandex,P,P03b,3,b,22.22,NA
2020,Yandex,P,P04,4,NA,50,50
2020,Yandex,P,P05,5,NA,20,25
2020,Yandex,P,P06,6,NA,0,0
2020,Yandex,P,P07,7,NA,18.75,37.5
2020,Yandex,P,P08,8,NA,41.67,62.5
2020,Yandex,P,P09,9,NA,0,0
2020,Yandex,P,P10a,10,a,28.57,28.57
2020,Yandex,P,P10b,10,b,0,0
2020,Yandex,P,P11a,11,a,0,0
2020,Yandex,P,P11b,11,b,0,0
2020,Yandex,P,P12,12,NA,0,0
2020,Yandex,P,P13,13,NA,50,50
2020,Yandex,P,P14,14,NA,66.67,66.67
2020,Yandex,P,P15,15,NA,0,0
2020,Yandex,P,P16,16,NA,33.33,33.33
2020,Yandex,P,P17,17,NA,100,100
2020,Yandex,P,P18,18,NA,100,100
